entry_index,exit_index,holding_bars,entry_price,exit_price,profit,profit_pct,result,ai_score,rsi,atr_pct,volume_ratio,ema_gap_pct,loss_reason
0,88,88,694.78,680.84,-50.1598,-2.0064,LOSS,100.0,60.71928332235427,0.3694,1.158,0.2691,FALSE_SIGNAL
138,508,370,687.31,715.32,101.8827,4.0753,WIN,100.0,58.00527126556128,0.131,1.1321,0.032,WIN
509,623,114,717.19,746.92,103.6336,4.1453,WIN,80.0,69.18653229418302,0.3739,2.2962,0.6724,WIN
624,678,54,746.89,731.95,-50.0074,-2.0003,LOSS,80.0,81.20459109877486,0.3956,1.685,0.967,RSI_TOO_HIGH
740,932,192,737.86,767.73,101.2048,4.0482,WIN,100.0,64.10999694997477,0.3375,2.5115,0.0166,WIN
933,965,32,776.39,759.45,-54.5473,-2.1819,LOSS,80.0,75.72190678572525,0.4085,4.8657,0.4975,LOW_VOLATILITY
994,1004,10,769.6,753.66,-51.7801,-2.0712,LOSS,100.0,59.20143420363226,0.4923,1.3172,0.0337,FALSE_SIGNAL
1040,1084,44,766.06,803.38,121.792,4.8717,WIN,100.0,59.25165335010504,0.4001,1.2548,0.1534,WIN
1085,1136,51,799.58,777.75,-68.2546,-2.7302,LOSS,80.0,78.03461073477467,0.5193,2.651,1.0696,RSI_TOO_HIGH
1366,1529,163,783.1,814.98,101.775,4.071,WIN,80.0,67.25001052137124,0.3208,1.282,0.4931,WIN
1530,1586,56,818.41,853.56,107.3728,4.2949,WIN,80.0,86.48464190795316,0.4397,9.129,0.386,WIN
1592,1619,27,856.0,835.82,-58.9369,-2.3575,LOSS,80.0,67.13581446684205,0.5177,2.7488,0.9176,FALSE_SIGNAL
2268,2618,350,758.92,789.69,101.3611,4.0544,WIN,80.0,66.58715334540591,0.226,2.4933,0.2085,WIN
2619,2916,297,787.6,825.19,119.3182,4.7727,WIN,80.0,66.68861662375878,0.2806,5.3643,0.563,WIN
2917,2948,31,825.27,808.3,-51.4074,-2.0563,LOSS,80.0,80.88823784512178,0.3745,4.5357,0.5303,RSI_TOO_HIGH
3005,3126,121,813.99,852.4,117.9683,4.7187,WIN,100.0,64.64283463058723,0.4349,1.2118,0.014,WIN
3127,3266,139,847.97,830.88,-50.385,-2.0154,LOSS,100.0,64.62686233576596,0.5071,3.745,0.5279,FALSE_SIGNAL
3310,3348,38,847.09,830.0,-50.4374,-2.0175,LOSS,100.0,56.47231987928604,0.4371,1.4779,0.2276,LOW_VOLATILITY
3484,3769,285,841.64,824.11,-52.071,-2.0828,LOSS,80.0,75.9353271051373,0.1838,2.0811,0.2242,LOW_VOLATILITY
3846,3929,83,861.81,841.85,-57.9014,-2.3161,LOSS,80.0,79.57452573617428,0.5829,6.9509,0.6224,RSI_TOO_HIGH
3995,4030,35,853.73,889.36,104.3363,4.1735,WIN,100.0,60.74447036484677,0.3268,1.7497,0.2831,WIN
4031,4166,135,894.0,875.67,-51.2584,-2.0503,LOSS,80.0,78.9157667652682,0.578,2.848,1.3269,RSI_TOO_HIGH
4271,4281,10,878.78,858.54,-57.5798,-2.3032,LOSS,100.0,56.8313758731402,0.3892,1.5193,0.1725,LOW_VOLATILITY
4445,5004,559,860.83,840.24,-59.7969,-2.3919,LOSS,100.0,50.08557370831711,0.2621,1.0153,0.54,LOW_VOLATILITY
5157,5836,679,853.63,889.2,104.1728,4.1669,WIN,100.0,54.58075669581193,0.1308,1.0657,0.0987,WIN
5837,6056,219,889.13,924.76,100.1822,4.0073,WIN,80.0,74.14722235549219,0.192,2.5771,0.2188,WIN
6060,6468,408,924.7,961.8,100.3028,4.0121,WIN,80.0,73.63111311451375,0.2553,1.0246,0.6133,WIN
6471,6586,115,960.3,1003.78,113.1938,4.5278,WIN,100.0,61.944201603599325,0.2812,1.1308,0.6445,WIN
6587,6645,58,1003.22,982.74,-51.0357,-2.0414,LOSS,80.0,72.54897165516246,0.3959,2.8921,0.9155,LOW_VOLATILITY
6673,6832,159,994.1,1042.16,120.8631,4.8345,WIN,100.0,64.182027880459,0.2954,2.1246,0.0533,WIN
6835,6870,35,1037.16,1079.31,101.5996,4.064,WIN,80.0,69.2215033919347,0.4459,1.2079,0.9006,WIN
6879,6940,61,1062.3,1034.61,-65.1652,-2.6066,LOSS,80.0,42.61903757979643,0.476,1.2328,0.9916,LOW_VOLATILITY
7130,7242,112,1016.91,994.33,-55.5113,-2.2205,LOSS,100.0,52.08522386249054,0.4258,1.2104,0.2242,LOW_VOLATILITY
7469,7665,196,972.98,1012.16,100.6701,4.0268,WIN,100.0,58.87826098169365,0.2781,1.9924,0.3264,WIN
7666,7767,101,1015.89,993.88,-54.1643,-2.1666,LOSS,80.0,65.61396960541208,0.3786,3.4871,0.3361,FALSE_SIGNAL
7807,7948,141,1014.32,1061.44,116.1369,4.6455,WIN,80.0,65.22591387931898,0.3363,1.2652,0.0753,WIN
7949,8006,57,1060.05,1105.98,108.3204,4.3328,WIN,80.0,76.18462402994362,0.3752,1.6537,0.7363,WIN
8007,8023,16,1107.54,1085.24,-50.3368,-2.0135,LOSS,80.0,74.29711962182088,0.5127,2.9965,1.111,RSI_TOO_HIGH
8030,8057,27,1104.57,1165.3,137.4517,5.4981,WIN,100.0,64.19809821654329,0.5348,1.2731,0.456,WIN
8058,8306,248,1154.45,1202.54,104.1405,4.1656,WIN,80.0,67.78990596385817,0.8355,2.5005,1.5089,WIN
8307,8413,106,1214.52,1264.67,103.2301,4.1292,WIN,80.0,75.48853335726574,0.6149,5.9877,0.8293,WIN
8414,8426,12,1269.8,1338.69,135.6316,5.4253,WIN,80.0,68.10877521060496,0.7763,1.7498,0.9068,WIN
8427,8437,10,1321.91,1294.46,-51.9135,-2.0765,LOSS,80.0,72.85583925850024,1.0444,2.3998,1.9178,RSI_TOO_HIGH
8438,8581,143,1285.45,1259.53,-50.4104,-2.0164,LOSS,100.0,46.285095170737904,1.3094,3.2102,1.6332,FALSE_SIGNAL
8600,8605,5,1307.89,1281.65,-50.1571,-2.0063,LOSS,100.0,56.84711695905247,0.7521,2.0759,0.0371,FALSE_SIGNAL
8905,8919,14,1230.12,1280.19,101.7584,4.0703,WIN,80.0,73.45396750407335,0.9482,1.4082,2.1907,WIN
8920,8979,59,1273.05,1328.53,108.9509,4.358,WIN,80.0,70.75496453453826,1.2066,1.8433,2.7043,WIN
8980,8999,19,1320.67,1269.99,-95.9362,-3.8374,LOSS,100.0,61.24897116209568,0.8945,4.5674,0.8422,FALSE_SIGNAL
9051,9062,11,1307.39,1276.62,-58.8386,-2.3535,LOSS,100.0,64.92160387439904,0.6447,1.0378,0.1075,LOW_VOLATILITY
9598,9626,28,1128.78,1105.73,-51.0507,-2.042,LOSS,80.0,67.00294600465462,0.6156,1.1897,0.9311,FALSE_SIGNAL
9641,9690,49,1128.17,1099.46,-63.6207,-2.5448,LOSS,80.0,69.7410555855927,0.5616,4.0289,0.0165,FALSE_SIGNAL
9938,10303,365,1100.68,1144.94,100.5288,4.0212,WIN,80.0,73.49834163243776,0.3899,2.4995,0.609,WIN
10304,10416,112,1150.18,1126.46,-51.5571,-2.0623,LOSS,80.0,72.83876210044167,0.373,2.7205,0.4323,RSI_TOO_HIGH
10449,10474,25,1144.46,1120.46,-52.4265,-2.0971,LOSS,100.0,64.09141990033635,0.3435,1.2855,0.0772,LOW_VOLATILITY
10879,10978,99,1093.59,1068.19,-58.0656,-2.3226,LOSS,100.0,51.77290436113707,0.1634,1.388,0.0961,LOW_VOLATILITY
11380,11398,18,965.72,941.93,-61.5862,-2.4634,LOSS,100.0,57.0850466626995,0.4926,1.112,0.6181,LOW_VOLATILITY
11430,11816,386,983.17,962.72,-52.0002,-2.08,LOSS,80.0,77.17523365847106,0.7145,1.1861,0.6601,RSI_TOO_HIGH
12191,12282,91,937.5,918.64,-50.2933,-2.0117,LOSS,100.0,56.49930237122103,0.3345,2.517,0.185,LOW_VOLATILITY
12507,12568,61,927.89,907.02,-56.2297,-2.2492,LOSS,80.0,40.0133508106512,0.338,1.1862,0.3738,LOW_VOLATILITY
12939,13247,308,848.67,884.71,106.1661,4.2466,WIN,100.0,63.7125451562523,0.3197,1.1691,0.214,WIN
13248,13539,291,888.25,869.99,-51.3932,-2.0557,LOSS,80.0,81.638627036661,0.5319,2.8412,0.5772,RSI_TOO_HIGH
13619,13657,38,894.8,875.31,-54.4535,-2.1781,LOSS,80.0,79.19854035334556,0.3092,1.3019,0.5384,RSI_TOO_HIGH
13818,13932,114,872.51,908.53,103.208,4.1283,WIN,80.0,77.41381714697242,0.5903,1.1784,1.3014,WIN
13933,14096,163,907.99,886.34,-59.6097,-2.3844,LOSS,100.0,59.66333818833345,0.3988,1.6946,0.4501,LOW_VOLATILITY
14245,14291,46,896.4,874.24,-61.8028,-2.4721,LOSS,80.0,66.22418010845384,0.2018,1.834,0.1593,LOW_VOLATILITY
14321,14622,301,896.25,878.31,-50.0418,-2.0017,LOSS,100.0,45.243119288517256,0.3644,1.4315,0.4433,FALSE_SIGNAL
14735,15062,327,886.56,865.42,-59.6124,-2.3845,LOSS,100.0,47.89620447810578,0.3031,1.1702,0.4744,LOW_VOLATILITY
15496,15829,333,858.62,840.78,-51.9438,-2.0778,LOSS,100.0,63.5681978426651,0.2024,1.302,0.2642,LOW_VOLATILITY
16242,16792,550,844.74,879.96,104.2333,4.1693,WIN,80.0,72.23298007639787,0.1104,1.0906,0.0997,WIN
16793,17099,306,877.99,916.28,109.0274,4.3611,WIN,80.0,65.2620384390741,0.3906,2.5371,0.3376,WIN
17102,17330,228,909.89,890.7,-52.7262,-2.109,LOSS,100.0,53.7227019561098,0.3326,1.05,0.38,FALSE_SIGNAL
17507,17858,351,900.83,938.66,104.9865,4.1995,WIN,80.0,66.72987750277056,0.1713,1.0833,0.2135,WIN
17859,18362,503,935.35,913.52,-58.3471,-2.3339,LOSS,80.0,78.1985611825548,0.422,1.7298,0.5865,RSI_TOO_HIGH
18816,18951,135,901.0,882.24,-52.0533,-2.0821,LOSS,80.0,69.10576613755418,0.3492,2.7681,0.2415,FALSE_SIGNAL
19139,19384,245,883.0,858.27,-70.017,-2.8007,LOSS,80.0,69.07181629754135,0.2025,1.8055,0.2603,LOW_VOLATILITY
20873,21320,447,617.5,603.51,-56.6397,-2.2656,LOSS,80.0,40.94983950450244,0.3126,2.1688,0.4871,LOW_VOLATILITY
21474,21726,252,613.68,594.19,-79.3981,-3.1759,LOSS,100.0,61.80789684128054,0.2538,1.3186,0.3326,LOW_VOLATILITY
21963,21987,24,608.77,633.66,102.2143,4.0886,WIN,80.0,77.33693721049463,0.3452,1.6415,0.719,WIN
21990,22077,87,630.32,614.73,-61.8337,-2.4733,LOSS,80.0,72.27576301559198,0.4569,1.2369,1.5857,RSI_TOO_HIGH
22116,22149,33,629.5,616.74,-50.6751,-2.027,LOSS,80.0,68.78682939317693,0.3064,1.2072,0.1621,LOW_VOLATILITY
22302,22454,152,616.45,645.35,117.2033,4.6881,WIN,100.0,56.5610858003527,0.4084,1.099,0.6878,WIN
22455,22512,57,645.42,631.51,-53.8796,-2.1552,LOSS,80.0,84.09983698420176,0.6217,4.324,0.5767,RSI_TOO_HIGH
22559,22647,88,633.72,660.76,106.6717,4.2669,WIN,100.0,57.18041582064888,0.6433,1.0034,0.0232,WIN
22648,22800,152,656.92,643.06,-52.7461,-2.1098,LOSS,100.0,61.774924718515386,0.5881,3.4975,0.8709,FALSE_SIGNAL
23115,23451,336,630.71,659.14,112.6905,4.5076,WIN,100.0,64.9572456812196,0.3459,2.8699,0.4429,WIN
23452,23761,309,658.89,685.47,100.8514,4.0341,WIN,80.0,70.66367664945571,0.3793,3.4907,0.2378,WIN
23762,23883,121,681.02,667.11,-51.0631,-2.0425,LOSS,100.0,58.008933827166665,0.4774,1.4719,0.889,FALSE_SIGNAL
23958,23980,22,673.53,657.31,-60.2052,-2.4082,LOSS,100.0,56.236977931272015,0.2215,1.1576,0.0791,LOW_VOLATILITY
24466,24479,13,647.14,632.92,-54.934,-2.1974,LOSS,80.0,67.94436921401888,0.5994,2.8727,0.8843,FALSE_SIGNAL
24548,24771,223,638.32,623.24,-59.0613,-2.3625,LOSS,100.0,61.79744681773999,0.2691,1.3535,0.0882,LOW_VOLATILITY
25114,25212,98,620.06,607.4,-51.0434,-2.0417,LOSS,80.0,67.41620214544534,0.3139,3.6548,0.353,LOW_VOLATILITY
25261,25375,114,619.18,606.51,-51.1564,-2.0463,LOSS,100.0,64.6139621515241,0.3606,1.0553,0.3925,LOW_VOLATILITY
25630,25940,310,591.7,615.49,100.5155,4.0206,WIN,100.0,58.43710251642543,0.172,1.2929,0.1146,WIN
25941,26003,62,619.46,606.78,-51.1736,-2.0469,LOSS,80.0,81.36858338718677,0.4109,3.2469,0.7329,RSI_TOO_HIGH
26121,26336,215,608.76,595.56,-54.2086,-2.1683,LOSS,100.0,62.89609880447441,0.3082,1.757,0.314,FALSE_SIGNAL
26490,26787,297,605.06,630.01,103.0889,4.1236,WIN,80.0,68.2105103935089,0.3267,3.2226,0.3269,WIN
26788,27031,243,632.4,618.62,-54.475,-2.179,LOSS,80.0,74.62854599489951,0.3664,1.6097,0.2982,RSI_TOO_HIGH
27170,28022,852,631.4,618.38,-51.5521,-2.0621,LOSS,80.0,67.39011956326488,0.2936,1.3106,0.2853,FALSE_SIGNAL
28216,28672,456,622.11,647.49,101.9916,4.0797,WIN,100.0,64.15097015361292,0.2007,1.5226,0.2037,WIN
28673,29310,637,646.96,674.53,106.5367,4.2615,WIN,80.0,73.16858825590857,0.2974,1.2316,0.6142,WIN
29311,29610,299,676.28,662.66,-50.349,-2.014,LOSS,80.0,78.94094915500862,0.3381,4.3862,0.4824,RSI_TOO_HIGH
30037,30767,730,647.92,633.21,-56.7586,-2.2703,LOSS,80.0,70.77680612173461,0.2439,4.4631,0.168,RSI_TOO_HIGH
30941,30969,28,646.89,672.92,100.5967,4.0239,WIN,80.0,66.83871695036584,0.217,2.1807,0.2639,WIN
30970,31002,32,670.69,702.9,120.0629,4.8025,WIN,80.0,71.338653671881,0.3609,1.663,1.2438,WIN
31003,31042,39,701.3,732.93,112.7549,4.5102,WIN,80.0,83.4937484679329,0.5074,2.1417,1.4629,WIN
31043,31099,56,732.5,711.26,-72.4915,-2.8997,LOSS,80.0,72.14156167348341,0.6593,1.7982,1.5829,RSI_TOO_HIGH
31744,32039,295,594.27,581.58,-53.3848,-2.1354,LOSS,80.0,65.97639376548298,0.4492,1.1024,0.9429,FALSE_SIGNAL
32118,32519,401,595.42,622.51,113.7432,4.5497,WIN,100.0,57.366059807045765,0.2846,1.1146,0.3907,WIN
32520,32623,103,620.76,605.36,-62.0207,-2.4808,LOSS,100.0,63.88254316293443,0.2928,4.3403,0.2148,FALSE_SIGNAL
33007,33281,274,583.64,571.92,-50.2022,-2.0081,LOSS,80.0,38.18214082534727,0.2162,1.8651,0.2372,FALSE_SIGNAL
33636,33714,78,568.17,556.72,-50.381,-2.0152,LOSS,100.0,56.597656259260745,0.2453,1.6241,0.1563,LOW_VOLATILITY
34096,34369,273,556.04,578.48,100.892,4.0357,WIN,80.0,67.53578409162935,0.3049,1.072,0.3353,WIN
34379,34717,338,573.54,561.55,-52.2631,-2.0905,LOSS,80.0,38.31855004564025,0.2186,1.0044,0.2027,LOW_VOLATILITY
