trades,wins,losses,win_rate,gross_profit,gross_loss,net_profit,profit_factor,profit_factor_score,max_drawdown,expectancy,time,symbol,min_score,take_profit_pct,stop_loss_pct,rsi_range,ema_filter,atr_filter,volume_filter
113,45,68,39.82,4865.21,-3808.72,1056.49,1.2774,1.2773883146859446,-796.26,9.35,2026-07-09T12:54:56.834930,BNBUSDT,60,0.04,-0.02,None,ema50_gt_ema200,False,True
113,45,68,39.82,4865.21,-3808.72,1056.49,1.2774,1.2773883146859446,-796.26,9.35,2026-07-09T12:55:09.964468,BNBUSDT,60,0.04,-0.02,None,ema20_gt_ema50_and_ema50_gt_ema200,False,True
113,45,68,39.82,4865.21,-3808.72,1056.49,1.2774,1.2773883146859446,-796.26,9.35,2026-07-09T12:58:38.955463,BNBUSDT,70,0.04,-0.02,None,ema50_gt_ema200,False,True
113,45,68,39.82,4865.21,-3808.72,1056.49,1.2774,1.2773883146859446,-796.26,9.35,2026-07-09T12:58:50.436730,BNBUSDT,70,0.04,-0.02,None,ema20_gt_ema50_and_ema50_gt_ema200,False,True
113,45,68,39.82,4865.21,-3808.72,1056.49,1.2774,1.2773883146859446,-796.26,9.35,2026-07-09T13:02:10.176274,BNBUSDT,80,0.04,-0.02,None,ema50_gt_ema200,False,True
113,45,68,39.82,4865.21,-3808.72,1056.49,1.2774,1.2773883146859446,-796.26,9.35,2026-07-09T13:02:24.192768,BNBUSDT,80,0.04,-0.02,None,ema20_gt_ema50_and_ema50_gt_ema200,False,True
117,34,83,29.06,6029.46,-4823.97,1205.49,1.2499,1.2498962472559938,-1188.91,10.3,2026-07-09T12:57:34.662401,BNBUSDT,60,0.05,-0.015,None,ema50_gt_ema200,True,True
117,34,83,29.06,6029.46,-4823.97,1205.49,1.2499,1.2498962472559938,-1188.91,10.3,2026-07-09T12:57:46.477615,BNBUSDT,60,0.05,-0.015,None,ema20_gt_ema50_and_ema50_gt_ema200,True,True
117,34,83,29.06,6029.46,-4823.97,1205.49,1.2499,1.2498962472559938,-1188.91,10.3,2026-07-09T13:01:04.526822,BNBUSDT,70,0.05,-0.015,None,ema50_gt_ema200,True,True
117,34,83,29.06,6029.46,-4823.97,1205.49,1.2499,1.2498962472559938,-1188.91,10.3,2026-07-09T13:01:16.261144,BNBUSDT,70,0.05,-0.015,None,ema20_gt_ema50_and_ema50_gt_ema200,True,True
117,34,83,29.06,6029.46,-4823.97,1205.49,1.2499,1.2498962472559938,-1188.91,10.3,2026-07-09T13:04:42.292193,BNBUSDT,80,0.05,-0.015,None,ema50_gt_ema200,True,True
117,34,83,29.06,6029.46,-4823.97,1205.49,1.2499,1.2498962472559938,-1188.91,10.3,2026-07-09T13:04:53.828935,BNBUSDT,80,0.05,-0.015,None,ema20_gt_ema50_and_ema50_gt_ema200,True,True
116,34,82,29.31,6030.06,-4824.78,1205.28,1.2498,1.249811058773903,-1298.34,10.39,2026-07-09T12:57:31.701187,BNBUSDT,60,0.05,-0.015,None,ema50_gt_ema200,True,False
116,34,82,29.31,6030.06,-4824.78,1205.28,1.2498,1.249811058773903,-1298.34,10.39,2026-07-09T12:57:43.440344,BNBUSDT,60,0.05,-0.015,None,ema20_gt_ema50_and_ema50_gt_ema200,True,False
116,34,82,29.31,6030.06,-4824.78,1205.28,1.2498,1.249811058773903,-1298.34,10.39,2026-07-09T13:01:01.499324,BNBUSDT,70,0.05,-0.015,None,ema50_gt_ema200,True,False
116,34,82,29.31,6030.06,-4824.78,1205.28,1.2498,1.249811058773903,-1298.34,10.39,2026-07-09T13:01:13.103648,BNBUSDT,70,0.05,-0.015,None,ema20_gt_ema50_and_ema50_gt_ema200,True,False
116,34,82,29.31,6030.06,-4824.78,1205.28,1.2498,1.249811058773903,-1298.34,10.39,2026-07-09T13:04:39.454738,BNBUSDT,80,0.05,-0.015,None,ema50_gt_ema200,True,False
116,34,82,29.31,6030.06,-4824.78,1205.28,1.2498,1.249811058773903,-1298.34,10.39,2026-07-09T13:04:50.977914,BNBUSDT,80,0.05,-0.015,None,ema20_gt_ema50_and_ema50_gt_ema200,True,False
108,31,77,28.7,5524.04,-4440.89,1083.16,1.2439,1.243906282468189,-1017.21,10.03,2026-07-09T12:57:58.438633,BNBUSDT,60,0.05,-0.015,"(30, 70)",ema50_gt_ema200,True,True
108,31,77,28.7,5524.04,-4440.89,1083.16,1.2439,1.243906282468189,-1017.21,10.03,2026-07-09T12:58:10.063992,BNBUSDT,60,0.05,-0.015,"(30, 70)",ema20_gt_ema50_and_ema50_gt_ema200,True,True
108,31,77,28.7,5524.04,-4440.89,1083.16,1.2439,1.243906282468189,-1017.21,10.03,2026-07-09T12:58:21.645677,BNBUSDT,60,0.05,-0.015,"(35, 70)",ema50_gt_ema200,True,True
108,31,77,28.7,5524.04,-4440.89,1083.16,1.2439,1.243906282468189,-1017.21,10.03,2026-07-09T12:58:33.218568,BNBUSDT,60,0.05,-0.015,"(35, 70)",ema20_gt_ema50_and_ema50_gt_ema200,True,True
108,31,77,28.7,5524.04,-4440.89,1083.16,1.2439,1.243906282468189,-1017.21,10.03,2026-07-09T13:01:29.633762,BNBUSDT,70,0.05,-0.015,"(30, 70)",ema50_gt_ema200,True,True
108,31,77,28.7,5524.04,-4440.89,1083.16,1.2439,1.243906282468189,-1017.21,10.03,2026-07-09T13:01:41.372844,BNBUSDT,70,0.05,-0.015,"(30, 70)",ema20_gt_ema50_and_ema50_gt_ema200,True,True
108,31,77,28.7,5524.04,-4440.89,1083.16,1.2439,1.243906282468189,-1017.21,10.03,2026-07-09T13:01:52.799213,BNBUSDT,70,0.05,-0.015,"(35, 70)",ema50_gt_ema200,True,True
108,31,77,28.7,5524.04,-4440.89,1083.16,1.2439,1.243906282468189,-1017.21,10.03,2026-07-09T13:02:04.425129,BNBUSDT,70,0.05,-0.015,"(35, 70)",ema20_gt_ema50_and_ema50_gt_ema200,True,True
108,31,77,28.7,5524.04,-4440.89,1083.16,1.2439,1.243906282468189,-1017.21,10.03,2026-07-09T13:05:05.445797,BNBUSDT,80,0.05,-0.015,"(30, 70)",ema50_gt_ema200,True,True
108,31,77,28.7,5524.04,-4440.89,1083.16,1.2439,1.243906282468189,-1017.21,10.03,2026-07-09T13:05:17.045135,BNBUSDT,80,0.05,-0.015,"(30, 70)",ema20_gt_ema50_and_ema50_gt_ema200,True,True
108,31,77,28.7,5524.04,-4440.89,1083.16,1.2439,1.243906282468189,-1017.21,10.03,2026-07-09T13:05:28.536910,BNBUSDT,80,0.05,-0.015,"(35, 70)",ema50_gt_ema200,True,True
108,31,77,28.7,5524.04,-4440.89,1083.16,1.2439,1.243906282468189,-1017.21,10.03,2026-07-09T13:05:40.312910,BNBUSDT,80,0.05,-0.015,"(35, 70)",ema20_gt_ema50_and_ema50_gt_ema200,True,True
