trades,wins,losses,win_rate,gross_profit,gross_loss,net_profit,profit_factor,profit_factor_score,max_drawdown,expectancy,time,symbol,min_score,take_profit_pct,stop_loss_pct,rsi_range,ema_filter,atr_filter,volume_filter,breakout_filter
117,36,81,30.77,6496.74,-4962.9,1533.84,1.3091,1.3090621524334312,-679.42,13.11,2026-07-09T13:45:44.673658,ETHUSDT,85,0.05,-0.015,"(35, 70)",ema20_gt_ema50_and_ema50_gt_ema200,True,True,False
117,36,81,30.77,6496.74,-4962.9,1533.84,1.3091,1.3090621524334312,-679.42,13.11,2026-07-09T13:45:58.457857,ETHUSDT,85,0.05,-0.015,"(40, 70)",ema20_gt_ema50_and_ema50_gt_ema200,True,True,False
99,29,70,29.29,5180.35,-4034.45,1145.9,1.284,1.284029835060459,-852.94,11.57,2026-07-09T13:53:46.377224,BNBUSDT,85,0.05,-0.015,"(35, 70)",ema20_gt_ema50_and_ema50_gt_ema200,True,True,False
99,29,70,29.29,5180.35,-4034.45,1145.9,1.284,1.284029835060459,-852.94,11.57,2026-07-09T13:53:59.143225,BNBUSDT,85,0.05,-0.015,"(40, 70)",ema20_gt_ema50_and_ema50_gt_ema200,True,True,False
85,22,63,25.88,4599.19,-3640.61,958.58,1.2633,1.2633029354970733,-1025.13,11.28,2026-07-09T13:54:11.579925,BNBUSDT,85,0.06,-0.015,"(35, 70)",ema20_gt_ema50_and_ema50_gt_ema200,True,True,False
85,22,63,25.88,4599.19,-3640.61,958.58,1.2633,1.2633029354970733,-1025.13,11.28,2026-07-09T13:54:24.113255,BNBUSDT,85,0.06,-0.015,"(40, 70)",ema20_gt_ema50_and_ema50_gt_ema200,True,True,False
107,31,76,28.97,5524.04,-4377.5,1146.55,1.2619,1.2619184243089383,-956.5,10.72,2026-07-09T13:52:42.965415,BNBUSDT,80,0.05,-0.015,"(40, 70)",ema20_gt_ema50_and_ema50_gt_ema200,True,True,False
108,31,77,28.7,5524.04,-4440.89,1083.16,1.2439,1.243906282468189,-1017.21,10.03,2026-07-09T13:52:30.419657,BNBUSDT,80,0.05,-0.015,"(35, 70)",ema20_gt_ema50_and_ema50_gt_ema200,True,True,False
96,25,71,26.04,5404.68,-4367.83,1036.85,1.2374,1.2373838255961267,-717.03,10.8,2026-07-09T13:46:10.934699,ETHUSDT,85,0.06,-0.015,"(35, 70)",ema20_gt_ema50_and_ema50_gt_ema200,True,True,False
96,25,71,26.04,5404.68,-4367.83,1036.85,1.2374,1.2373838255961267,-717.03,10.8,2026-07-09T13:46:23.128417,ETHUSDT,85,0.06,-0.015,"(40, 70)",ema20_gt_ema50_and_ema50_gt_ema200,True,True,False
74,23,51,31.08,3611.54,-2927.09,684.45,1.2338,1.2338321030268604,-1013.26,9.25,2026-07-09T13:54:36.444688,BNBUSDT,85,0.06,-0.02,"(35, 70)",ema20_gt_ema50_and_ema50_gt_ema200,True,True,False
74,23,51,31.08,3611.54,-2927.09,684.45,1.2338,1.2338321030268604,-1013.26,9.25,2026-07-09T13:54:49.168584,BNBUSDT,85,0.06,-0.02,"(40, 70)",ema20_gt_ema50_and_ema50_gt_ema200,True,True,False
110,31,79,28.18,5498.6,-4514.13,984.47,1.2181,1.2180865577354139,-1178.91,8.95,2026-07-09T13:53:40.258481,BNBUSDT,85,0.05,-0.015,"(35, 70)",ema20_gt_ema50_and_ema50_gt_ema200,True,False,False
110,31,79,28.18,5498.6,-4514.13,984.47,1.2181,1.2180865577354139,-1178.91,8.95,2026-07-09T13:53:52.774528,BNBUSDT,85,0.05,-0.015,"(40, 70)",ema20_gt_ema50_and_ema50_gt_ema200,True,False,False
80,25,55,31.25,3903.94,-3206.13,697.81,1.2176,1.2176493658021472,-997.59,8.72,2026-07-09T13:54:30.273204,BNBUSDT,85,0.06,-0.02,"(35, 70)",ema20_gt_ema50_and_ema50_gt_ema200,True,False,False
80,25,55,31.25,3903.94,-3206.13,697.81,1.2176,1.2176493658021472,-997.59,8.72,2026-07-09T13:54:42.788659,BNBUSDT,85,0.06,-0.02,"(40, 70)",ema20_gt_ema50_and_ema50_gt_ema200,True,False,False
91,23,68,25.27,4776.89,-3995.45,781.44,1.1956,1.1955814092658132,-1322.85,8.59,2026-07-09T13:54:05.342901,BNBUSDT,85,0.06,-0.015,"(35, 70)",ema20_gt_ema50_and_ema50_gt_ema200,True,False,False
91,23,68,25.27,4776.89,-3995.45,781.44,1.1956,1.1955814092658132,-1322.85,8.59,2026-07-09T13:54:17.818487,BNBUSDT,85,0.06,-0.015,"(40, 70)",ema20_gt_ema50_and_ema50_gt_ema200,True,False,False
113,32,81,28.32,5691.63,-4789.39,902.24,1.1884,1.1883822462716576,-1173.9,7.98,2026-07-09T13:52:36.650141,BNBUSDT,80,0.05,-0.015,"(40, 70)",ema20_gt_ema50_and_ema50_gt_ema200,True,False,False
114,32,82,28.07,5691.63,-4849.06,842.57,1.1738,1.1737600751783113,-1228.31,7.39,2026-07-09T13:52:23.839109,BNBUSDT,80,0.05,-0.015,"(35, 70)",ema20_gt_ema50_and_ema50_gt_ema200,True,False,False
98,29,69,29.59,4636.46,-3987.08,649.38,1.1629,1.162871643403117,-774.91,6.63,2026-07-09T13:45:19.414362,ETHUSDT,80,0.06,-0.02,"(35, 70)",ema20_gt_ema50_and_ema50_gt_ema200,True,True,False
98,29,69,29.59,4636.46,-3987.08,649.38,1.1629,1.162871643403117,-774.91,6.63,2026-07-09T13:45:32.370528,ETHUSDT,80,0.06,-0.02,"(40, 70)",ema20_gt_ema50_and_ema50_gt_ema200,True,True,False
94,23,71,24.47,4878.8,-4221.46,657.35,1.1557,1.155715501984138,-1344.87,6.99,2026-07-09T13:53:02.166708,BNBUSDT,80,0.06,-0.015,"(40, 70)",ema20_gt_ema50_and_ema50_gt_ema200,True,False,False
78,23,55,29.49,3641.81,-3181.52,460.29,1.1447,1.1446748893776206,-1007.73,5.9,2026-07-09T13:53:27.673453,BNBUSDT,80,0.06,-0.02,"(40, 70)",ema20_gt_ema50_and_ema50_gt_ema200,True,False,False
95,23,72,24.21,4878.8,-4287.41,591.39,1.1379,1.1379362019762131,-1405.57,6.23,2026-07-09T13:52:49.288537,BNBUSDT,80,0.06,-0.015,"(35, 70)",ema20_gt_ema50_and_ema50_gt_ema200,True,False,False
120,29,91,24.17,6255.86,-5507.16,748.7,1.136,1.1359505696162226,-1075.55,6.24,2026-07-09T13:45:07.154948,ETHUSDT,80,0.06,-0.015,"(40, 70)",ema20_gt_ema50_and_ema50_gt_ema200,True,True,False
130,36,94,27.69,6497.9,-5757.75,740.16,1.1285,1.1285496005867852,-745.94,5.69,2026-07-09T13:45:38.532232,ETHUSDT,85,0.05,-0.015,"(35, 70)",ema20_gt_ema50_and_ema50_gt_ema200,True,False,False
130,36,94,27.69,6497.9,-5757.75,740.16,1.1285,1.1285496005867852,-745.94,5.69,2026-07-09T13:45:51.447816,ETHUSDT,85,0.05,-0.015,"(40, 70)",ema20_gt_ema50_and_ema50_gt_ema200,True,False,False
121,29,92,23.97,6255.86,-5558.92,696.94,1.1254,1.1253730154928177,-1075.55,5.76,2026-07-09T13:44:54.865234,ETHUSDT,80,0.06,-0.015,"(35, 70)",ema20_gt_ema50_and_ema50_gt_ema200,True,True,False
79,23,56,29.11,3641.81,-3256.76,385.04,1.1182,1.1182293240794825,-1083.23,4.87,2026-07-09T13:53:14.724109,BNBUSDT,80,0.06,-0.02,"(35, 70)",ema20_gt_ema50_and_ema50_gt_ema200,True,False,False
87,20,67,22.99,4275.41,-3902.41,373.0,1.0956,1.0955817935760543,-1417.27,4.29,2026-07-09T13:53:08.409900,BNBUSDT,80,0.06,-0.015,"(40, 70)",ema20_gt_ema50_and_ema50_gt_ema200,True,True,False
132,35,97,26.52,6372.64,-5826.91,545.73,1.0937,1.0936568105642581,-1069.78,4.13,2026-07-09T13:44:42.608334,ETHUSDT,80,0.05,-0.015,"(40, 70)",ema20_gt_ema50_and_ema50_gt_ema200,True,True,False
133,35,98,26.32,6367.19,-5872.72,494.46,1.0842,1.0841967530938672,-1069.78,3.72,2026-07-09T13:44:30.317309,ETHUSDT,80,0.05,-0.015,"(35, 70)",ema20_gt_ema50_and_ema50_gt_ema200,True,True,False
72,20,52,27.78,3207.88,-2960.94,246.94,1.0834,1.0833984983573821,-1283.89,3.43,2026-07-09T13:53:33.950750,BNBUSDT,80,0.06,-0.02,"(40, 70)",ema20_gt_ema50_and_ema50_gt_ema200,True,True,False
110,25,85,22.73,5361.56,-4964.14,397.42,1.0801,1.0800583246801096,-810.62,3.61,2026-07-09T13:51:38.615543,XRPUSDT,85,0.06,-0.015,"(35, 70)",ema20_gt_ema50_and_ema50_gt_ema200,True,True,False
110,25,85,22.73,5361.56,-4964.14,397.42,1.0801,1.0800583246801096,-810.62,3.61,2026-07-09T13:51:51.491681,XRPUSDT,85,0.06,-0.015,"(40, 70)",ema20_gt_ema50_and_ema50_gt_ema200,True,True,False
88,20,68,22.73,4275.41,-3960.55,314.86,1.0795,1.0794994734947765,-1477.97,3.58,2026-07-09T13:52:55.861964,BNBUSDT,80,0.06,-0.015,"(35, 70)",ema20_gt_ema50_and_ema50_gt_ema200,True,True,False
89,25,64,28.09,4038.49,-3744.57,293.92,1.0785,1.0784922994867823,-798.36,3.3,2026-07-09T13:46:35.462331,ETHUSDT,85,0.06,-0.02,"(35, 70)",ema20_gt_ema50_and_ema50_gt_ema200,True,True,False
89,25,64,28.09,4038.49,-3744.57,293.92,1.0785,1.0784922994867823,-798.36,3.3,2026-07-09T13:46:48.680037,ETHUSDT,85,0.06,-0.02,"(40, 70)",ema20_gt_ema50_and_ema50_gt_ema200,True,True,False
115,27,88,23.48,5747.5,-5389.41,358.09,1.0664,1.0664434969403336,-875.28,3.11,2026-07-09T13:46:04.601878,ETHUSDT,85,0.06,-0.015,"(35, 70)",ema20_gt_ema50_and_ema50_gt_ema200,True,False,False
115,27,88,23.48,5747.5,-5389.41,358.09,1.0664,1.0664434969403336,-875.28,3.11,2026-07-09T13:46:17.018880,ETHUSDT,85,0.06,-0.015,"(40, 70)",ema20_gt_ema50_and_ema50_gt_ema200,True,False,False
73,20,53,27.4,3207.88,-3036.23,171.65,1.0565,1.0565335655684442,-1359.38,2.35,2026-07-09T13:53:21.120614,BNBUSDT,80,0.06,-0.02,"(35, 70)",ema20_gt_ema50_and_ema50_gt_ema200,True,True,False
99,27,72,27.27,4300.47,-4177.26,123.21,1.0295,1.02949602834221,-840.78,1.24,2026-07-09T13:46:29.204868,ETHUSDT,85,0.06,-0.02,"(35, 70)",ema20_gt_ema50_and_ema50_gt_ema200,True,False,False
99,27,72,27.27,4300.47,-4177.26,123.21,1.0295,1.02949602834221,-840.78,1.24,2026-07-09T13:46:41.963766,ETHUSDT,85,0.06,-0.02,"(40, 70)",ema20_gt_ema50_and_ema50_gt_ema200,True,False,False
153,39,114,25.49,6906.08,-6828.67,77.41,1.0113,1.0113361331664503,-1046.15,0.51,2026-07-09T13:48:12.793148,SOLUSDT,85,0.05,-0.015,"(35, 70)",ema20_gt_ema50_and_ema50_gt_ema200,True,False,False
153,39,114,25.49,6906.08,-6828.67,77.41,1.0113,1.0113361331664503,-1046.15,0.51,2026-07-09T13:48:25.078008,SOLUSDT,85,0.05,-0.015,"(40, 70)",ema20_gt_ema50_and_ema50_gt_ema200,True,False,False
102,27,75,26.47,4316.98,-4317.54,-0.56,0.9999,0.999870875598703,-965.37,-0.01,2026-07-09T13:45:25.774875,ETHUSDT,80,0.06,-0.02,"(40, 70)",ema20_gt_ema50_and_ema50_gt_ema200,True,False,False
103,27,76,26.21,4298.36,-4385.45,-87.09,0.9801,0.980142150530195,-1051.89,-0.85,2026-07-09T13:45:13.313575,ETHUSDT,80,0.06,-0.02,"(35, 70)",ema20_gt_ema50_and_ema50_gt_ema200,True,False,False
62,16,46,25.81,2494.37,-2563.82,-69.45,0.9729,0.9729110120194066,-582.58,-1.12,2026-07-09T13:44:05.530778,BTCUSDT,85,0.06,-0.02,"(35, 70)",ema20_gt_ema50_and_ema50_gt_ema200,True,True,False
62,16,46,25.81,2494.37,-2563.82,-69.45,0.9729,0.9729110120194066,-582.58,-1.12,2026-07-09T13:44:17.800989,BTCUSDT,85,0.06,-0.02,"(40, 70)",ema20_gt_ema50_and_ema50_gt_ema200,True,True,False
146,35,111,23.97,6199.53,-6380.42,-180.9,0.9716,0.9716483289794146,-1130.05,-1.24,2026-07-09T13:49:41.116856,XRPUSDT,80,0.05,-0.015,"(40, 70)",ema20_gt_ema50_and_ema50_gt_ema200,True,False,False
127,26,101,20.47,5575.82,-5741.07,-165.24,0.9712,0.9712170487107515,-984.49,-1.3,2026-07-09T13:50:06.026202,XRPUSDT,80,0.06,-0.015,"(35, 70)",ema20_gt_ema50_and_ema50_gt_ema200,True,True,False
147,35,112,23.81,6221.26,-6430.25,-208.99,0.9675,0.9674990936970942,-1158.14,-1.42,2026-07-09T13:49:27.635059,XRPUSDT,80,0.05,-0.015,"(35, 70)",ema20_gt_ema50_and_ema50_gt_ema200,True,False,False
99,25,74,25.25,4052.25,-4188.53,-136.28,0.9675,0.9674637439401734,-804.19,-1.38,2026-07-09T13:52:04.663772,XRPUSDT,85,0.06,-0.02,"(35, 70)",ema20_gt_ema50_and_ema50_gt_ema200,True,True,False
99,25,74,25.25,4052.25,-4188.53,-136.28,0.9675,0.9674637439401734,-804.19,-1.38,2026-07-09T13:52:17.194141,XRPUSDT,85,0.06,-0.02,"(40, 70)",ema20_gt_ema50_and_ema50_gt_ema200,True,True,False
141,34,107,24.11,6197.23,-6410.84,-213.6,0.9667,0.9666811759559266,-1286.28,-1.51,2026-07-09T13:44:36.445985,ETHUSDT,80,0.05,-0.015,"(40, 70)",ema20_gt_ema50_and_ema50_gt_ema200,True,False,False
125,26,99,20.8,5603.47,-5815.42,-211.95,0.9636,0.9635544640966696,-882.4,-1.7,2026-07-09T13:51:32.406782,XRPUSDT,85,0.06,-0.015,"(35, 70)",ema20_gt_ema50_and_ema50_gt_ema200,True,False,False
125,26,99,20.8,5603.47,-5815.42,-211.95,0.9636,0.9635544640966696,-882.4,-1.7,2026-07-09T13:51:44.788920,XRPUSDT,85,0.06,-0.015,"(40, 70)",ema20_gt_ema50_and_ema50_gt_ema200,True,False,False
131,28,103,21.37,5988.99,-6254.51,-265.52,0.9575,0.9575468873738128,-1441.32,-2.03,2026-07-09T13:45:01.015403,ETHUSDT,80,0.06,-0.015,"(40, 70)",ema20_gt_ema50_and_ema50_gt_ema200,True,False,False
142,34,108,23.94,6187.61,-6462.01,-274.41,0.9575,0.9575351888364091,-1347.09,-1.93,2026-07-09T13:44:24.140994,ETHUSDT,80,0.05,-0.015,"(35, 70)",ema20_gt_ema50_and_ema50_gt_ema200,True,False,False
119,28,91,23.53,5028.98,-5299.59,-270.61,0.9489,0.9489374145476767,-1128.22,-2.27,2026-07-09T13:51:12.119087,XRPUSDT,85,0.05,-0.015,"(35, 70)",ema20_gt_ema50_and_ema50_gt_ema200,True,True,False
119,28,91,23.53,5028.98,-5299.59,-270.61,0.9489,0.9489374145476767,-1128.22,-2.27,2026-07-09T13:51:25.341159,XRPUSDT,85,0.05,-0.015,"(40, 70)",ema20_gt_ema50_and_ema50_gt_ema200,True,True,False
135,27,108,20.0,5891.82,-6223.34,-331.52,0.9467,0.9467300345891546,-1064.83,-2.46,2026-07-09T13:49:58.188387,XRPUSDT,80,0.06,-0.015,"(35, 70)",ema20_gt_ema50_and_ema50_gt_ema200,True,False,False
160,39,121,24.38,6892.13,-7290.18,-398.06,0.9454,0.9453984615780721,-1687.79,-2.49,2026-07-09T13:46:56.881551,SOLUSDT,80,0.05,-0.015,"(35, 70)",ema20_gt_ema50_and_ema50_gt_ema200,True,False,False
125,25,100,20.0,5374.43,-5684.96,-310.52,0.9454,0.9453779004141352,-1091.12,-2.48,2026-07-09T13:50:20.584278,XRPUSDT,80,0.06,-0.015,"(40, 70)",ema20_gt_ema50_and_ema50_gt_ema200,True,True,False
160,39,121,24.38,6892.13,-7292.24,-400.11,0.9451,0.9451326513750583,-1684.99,-2.5,2026-07-09T13:47:09.557960,SOLUSDT,80,0.05,-0.015,"(40, 70)",ema20_gt_ema50_and_ema50_gt_ema200,True,False,False
132,28,104,21.21,5963.48,-6316.21,-352.73,0.9442,0.9441552773804974,-1528.52,-2.67,2026-07-09T13:44:48.723880,ETHUSDT,80,0.06,-0.015,"(35, 70)",ema20_gt_ema50_and_ema50_gt_ema200,True,False,False
132,30,102,22.73,5427.99,-5780.45,-352.46,0.939,0.9390257259068081,-1063.79,-2.67,2026-07-09T13:49:34.054436,XRPUSDT,80,0.05,-0.015,"(35, 70)",ema20_gt_ema50_and_ema50_gt_ema200,True,True,False
116,30,86,25.86,4677.59,-5021.58,-343.99,0.9315,0.9314970881579185,-1201.55,-2.97,2026-07-09T13:49:02.432186,SOLUSDT,85,0.06,-0.02,"(35, 70)",ema20_gt_ema50_and_ema50_gt_ema200,True,False,False
116,30,86,25.86,4677.59,-5021.58,-343.99,0.9315,0.9314970881579185,-1201.55,-2.97,2026-07-09T13:49:14.698815,SOLUSDT,85,0.06,-0.02,"(40, 70)",ema20_gt_ema50_and_ema50_gt_ema200,True,False,False
105,27,78,25.71,4244.75,-4565.41,-320.66,0.9298,0.9297638566290901,-947.51,-3.05,2026-07-09T13:49:08.560912,SOLUSDT,85,0.06,-0.02,"(35, 70)",ema20_gt_ema50_and_ema50_gt_ema200,True,True,False
105,27,78,25.71,4244.75,-4565.41,-320.66,0.9298,0.9297638566290901,-947.51,-3.05,2026-07-09T13:49:20.950868,SOLUSDT,85,0.06,-0.02,"(40, 70)",ema20_gt_ema50_and_ema50_gt_ema200,True,True,False
132,26,106,19.7,5690.43,-6122.82,-432.39,0.9294,0.9293813288883206,-1165.7,-3.28,2026-07-09T13:50:13.984099,XRPUSDT,80,0.06,-0.015,"(40, 70)",ema20_gt_ema50_and_ema50_gt_ema200,True,False,False
138,29,109,21.01,6031.18,-6545.95,-514.77,0.9214,0.9213598961691246,-1323.03,-3.73,2026-07-09T13:48:37.651347,SOLUSDT,85,0.06,-0.015,"(35, 70)",ema20_gt_ema50_and_ema50_gt_ema200,True,False,False
138,29,109,21.01,6031.18,-6545.95,-514.77,0.9214,0.9213598961691246,-1323.03,-3.73,2026-07-09T13:48:49.945271,SOLUSDT,85,0.06,-0.015,"(40, 70)",ema20_gt_ema50_and_ema50_gt_ema200,True,False,False
75,15,60,20.0,3105.49,-3389.64,-284.16,0.9162,0.9161685589053032,-710.59,-3.79,2026-07-09T13:43:41.009748,BTCUSDT,85,0.06,-0.015,"(35, 70)",ema20_gt_ema50_and_ema50_gt_ema200,True,True,False
75,15,60,20.0,3105.49,-3389.64,-284.16,0.9162,0.9161685589053032,-710.59,-3.79,2026-07-09T13:43:53.184111,BTCUSDT,85,0.06,-0.015,"(40, 70)",ema20_gt_ema50_and_ema50_gt_ema200,True,True,False
130,29,101,22.31,5237.18,-5722.55,-485.37,0.9152,0.9151827001478016,-1162.96,-3.73,2026-07-09T13:49:49.331191,XRPUSDT,80,0.05,-0.015,"(40, 70)",ema20_gt_ema50_and_ema50_gt_ema200,True,True,False
76,17,59,22.37,2998.57,-3318.21,-319.64,0.9037,0.9036702932214336,-682.05,-4.21,2026-07-09T13:43:16.391127,BTCUSDT,85,0.05,-0.015,"(35, 70)",ema20_gt_ema50_and_ema50_gt_ema200,True,True,False
76,17,59,22.37,2998.57,-3318.21,-319.64,0.9037,0.9036702932214336,-682.05,-4.21,2026-07-09T13:43:28.577222,BTCUSDT,85,0.05,-0.015,"(40, 70)",ema20_gt_ema50_and_ema50_gt_ema200,True,True,False
111,26,85,23.42,4239.14,-4711.54,-472.4,0.8997,0.8997359525367857,-1049.85,-4.26,2026-07-09T13:51:58.383858,XRPUSDT,85,0.06,-0.02,"(35, 70)",ema20_gt_ema50_and_ema50_gt_ema200,True,False,False
111,26,85,23.42,4239.14,-4711.54,-472.4,0.8997,0.8997359525367857,-1049.85,-4.26,2026-07-09T13:52:10.966486,XRPUSDT,85,0.06,-0.02,"(40, 70)",ema20_gt_ema50_and_ema50_gt_ema200,True,False,False
129,26,103,20.16,5438.13,-6069.16,-631.03,0.896,0.8960269360402506,-1230.04,-4.89,2026-07-09T13:48:43.854469,SOLUSDT,85,0.06,-0.015,"(35, 70)",ema20_gt_ema50_and_ema50_gt_ema200,True,True,False
129,26,103,20.16,5438.13,-6069.16,-631.03,0.896,0.8960269360402506,-1230.04,-4.89,2026-07-09T13:48:56.030887,SOLUSDT,85,0.06,-0.015,"(40, 70)",ema20_gt_ema50_and_ema50_gt_ema200,True,True,False
66,16,50,24.24,2501.92,-2793.86,-291.94,0.8955,0.8955068673467869,-587.65,-4.42,2026-07-09T13:43:04.241388,BTCUSDT,80,0.06,-0.02,"(40, 70)",ema20_gt_ema50_and_ema50_gt_ema200,True,True,False
136,31,105,22.79,5535.9,-6198.64,-662.74,0.8931,0.8930833444325363,-1170.09,-4.87,2026-07-09T13:48:18.884327,SOLUSDT,85,0.05,-0.015,"(35, 70)",ema20_gt_ema50_and_ema50_gt_ema200,True,True,False
136,31,105,22.79,5535.9,-6198.64,-662.74,0.8931,0.8930833444325363,-1170.09,-4.87,2026-07-09T13:48:31.209548,SOLUSDT,85,0.05,-0.015,"(40, 70)",ema20_gt_ema50_and_ema50_gt_ema200,True,True,False
66,16,50,24.24,2501.92,-2804.76,-302.84,0.892,0.8920269567603399,-598.55,-4.59,2026-07-09T13:42:51.956122,BTCUSDT,80,0.06,-0.02,"(35, 70)",ema20_gt_ema50_and_ema50_gt_ema200,True,True,False
146,34,112,23.29,6058.08,-6811.34,-753.26,0.8894,0.889410649748088,-1730.63,-5.16,2026-07-09T13:47:15.992313,SOLUSDT,80,0.05,-0.015,"(40, 70)",ema20_gt_ema50_and_ema50_gt_ema200,True,True,False
146,34,112,23.29,6058.08,-6814.14,-756.06,0.889,0.8890449337206024,-1733.43,-5.18,2026-07-09T13:47:03.221656,SOLUSDT,80,0.05,-0.015,"(35, 70)",ema20_gt_ema50_and_ema50_gt_ema200,True,True,False
106,25,81,23.58,4038.76,-4574.09,-535.33,0.883,0.8829643570961874,-1230.53,-5.05,2026-07-09T13:50:40.415129,XRPUSDT,80,0.06,-0.02,"(35, 70)",ema20_gt_ema50_and_ema50_gt_ema200,True,True,False
88,17,71,19.32,3557.77,-4040.24,-482.48,0.8806,0.8805822954814885,-902.98,-5.48,2026-07-09T13:43:34.666552,BTCUSDT,85,0.06,-0.015,"(35, 70)",ema20_gt_ema50_and_ema50_gt_ema200,True,False,False
88,17,71,19.32,3557.77,-4040.24,-482.48,0.8806,0.8805822954814885,-902.98,-5.48,2026-07-09T13:43:47.101393,BTCUSDT,85,0.06,-0.015,"(40, 70)",ema20_gt_ema50_and_ema50_gt_ema200,True,False,False
122,30,92,24.59,4685.13,-5355.03,-669.9,0.8749,0.8749027293267176,-1253.29,-5.49,2026-07-09T13:48:00.395316,SOLUSDT,80,0.06,-0.02,"(40, 70)",ema20_gt_ema50_and_ema50_gt_ema200,True,False,False
114,28,86,24.56,4376.3,-5006.63,-630.33,0.8741,0.8741016361944716,-1276.4,-5.53,2026-07-09T13:48:06.561201,SOLUSDT,80,0.06,-0.02,"(40, 70)",ema20_gt_ema50_and_ema50_gt_ema200,True,True,False
107,25,82,23.36,4038.76,-4624.19,-585.44,0.8734,0.8733968560321033,-1280.63,-5.47,2026-07-09T13:50:59.102981,XRPUSDT,80,0.06,-0.02,"(40, 70)",ema20_gt_ema50_and_ema50_gt_ema200,True,True,False
135,30,105,22.22,5301.6,-6097.24,-795.64,0.8695,0.8695087655789452,-1455.1,-5.89,2026-07-09T13:51:05.859142,XRPUSDT,85,0.05,-0.015,"(35, 70)",ema20_gt_ema50_and_ema50_gt_ema200,True,False,False
135,30,105,22.22,5301.6,-6097.24,-795.64,0.8695,0.8695087655789452,-1455.1,-5.89,2026-07-09T13:51:18.994259,XRPUSDT,85,0.05,-0.015,"(40, 70)",ema20_gt_ema50_and_ema50_gt_ema200,True,False,False
123,30,93,24.39,4685.13,-5405.77,-720.64,0.8667,0.866690965397081,-1304.03,-5.86,2026-07-09T13:47:47.648717,SOLUSDT,80,0.06,-0.02,"(35, 70)",ema20_gt_ema50_and_ema50_gt_ema200,True,False,False
115,26,89,22.61,4273.98,-4934.41,-660.43,0.8662,0.8661590757129182,-1276.56,-5.74,2026-07-09T13:50:32.132482,XRPUSDT,80,0.06,-0.02,"(35, 70)",ema20_gt_ema50_and_ema50_gt_ema200,True,False,False
115,28,87,24.35,4376.3,-5066.71,-690.41,0.8637,0.863736940856179,-1279.14,-6.0,2026-07-09T13:47:53.906354,SOLUSDT,80,0.06,-0.02,"(35, 70)",ema20_gt_ema50_and_ema50_gt_ema200,True,True,False
116,26,90,22.41,4273.98,-4979.15,-705.17,0.8584,0.858375999940231,-1321.3,-6.08,2026-07-09T13:50:51.865329,XRPUSDT,80,0.06,-0.02,"(40, 70)",ema20_gt_ema50_and_ema50_gt_ema200,True,False,False
144,28,116,19.44,5839.56,-7041.34,-1201.78,0.8293,0.8293250068861199,-1861.89,-8.35,2026-07-09T13:47:41.019656,SOLUSDT,80,0.06,-0.015,"(40, 70)",ema20_gt_ema50_and_ema50_gt_ema200,True,True,False
144,28,116,19.44,5839.56,-7044.14,-1204.58,0.829,0.828995131897144,-1864.7,-8.37,2026-07-09T13:47:28.454791,SOLUSDT,80,0.06,-0.015,"(35, 70)",ema20_gt_ema50_and_ema50_gt_ema200,True,True,False
80,17,63,21.25,2975.57,-3613.24,-637.67,0.8235,0.8235185057824213,-795.54,-7.97,2026-07-09T13:42:02.524712,BTCUSDT,80,0.05,-0.015,"(35, 70)",ema20_gt_ema50_and_ema50_gt_ema200,True,True,False
150,29,121,19.33,6050.78,-7427.88,-1377.11,0.8146,0.8146028193652114,-1958.99,-9.18,2026-07-09T13:47:34.644824,SOLUSDT,80,0.06,-0.015,"(40, 70)",ema20_gt_ema50_and_ema50_gt_ema200,True,False,False
150,29,121,19.33,6050.78,-7430.69,-1379.91,0.8143,0.8142956558779418,-1961.79,-9.2,2026-07-09T13:47:22.239066,SOLUSDT,80,0.06,-0.015,"(35, 70)",ema20_gt_ema50_and_ema50_gt_ema200,True,False,False
88,16,72,18.18,3352.22,-4126.18,-773.96,0.8124,0.8124275888554195,-1065.61,-8.79,2026-07-09T13:42:21.080144,BTCUSDT,80,0.06,-0.015,"(35, 70)",ema20_gt_ema50_and_ema50_gt_ema200,True,False,False
76,17,59,22.37,2678.91,-3312.14,-633.23,0.8088,0.8088156484216036,-824.85,-8.33,2026-07-09T13:43:59.230014,BTCUSDT,85,0.06,-0.02,"(35, 70)",ema20_gt_ema50_and_ema50_gt_ema200,True,False,False
76,17,59,22.37,2678.91,-3312.14,-633.23,0.8088,0.8088156484216036,-824.85,-8.33,2026-07-09T13:44:11.667681,BTCUSDT,85,0.06,-0.02,"(40, 70)",ema20_gt_ema50_and_ema50_gt_ema200,True,False,False
87,18,69,20.69,3149.31,-3912.8,-763.49,0.8049,0.8048738698759078,-927.2,-8.78,2026-07-09T13:43:10.354813,BTCUSDT,85,0.05,-0.015,"(35, 70)",ema20_gt_ema50_and_ema50_gt_ema200,True,False,False
87,18,69,20.69,3149.31,-3912.8,-763.49,0.8049,0.8048738698759078,-927.2,-8.78,2026-07-09T13:43:22.444927,BTCUSDT,85,0.05,-0.015,"(40, 70)",ema20_gt_ema50_and_ema50_gt_ema200,True,False,False
72,16,56,22.22,2516.47,-3150.71,-634.24,0.7987,0.798698396039042,-777.23,-8.81,2026-07-09T13:42:45.748278,BTCUSDT,80,0.06,-0.02,"(35, 70)",ema20_gt_ema50_and_ema50_gt_ema200,True,False,False
83,15,68,18.07,3128.93,-3920.69,-791.76,0.7981,0.7980568613496846,-970.57,-9.54,2026-07-09T13:42:27.267800,BTCUSDT,80,0.06,-0.015,"(35, 70)",ema20_gt_ema50_and_ema50_gt_ema200,True,True,False
90,16,74,17.78,3352.22,-4207.24,-855.02,0.7968,0.7967745967705229,-1146.67,-9.5,2026-07-09T13:42:33.370463,BTCUSDT,80,0.06,-0.015,"(40, 70)",ema20_gt_ema50_and_ema50_gt_ema200,True,False,False
72,16,56,22.22,2516.47,-3165.21,-648.74,0.795,0.795039718984998,-791.73,-9.01,2026-07-09T13:42:58.130138,BTCUSDT,80,0.06,-0.02,"(40, 70)",ema20_gt_ema50_and_ema50_gt_ema200,True,False,False
84,15,69,17.86,3128.93,-3958.37,-829.44,0.7905,0.7904596589000016,-1006.31,-9.87,2026-07-09T13:42:39.590722,BTCUSDT,80,0.06,-0.015,"(40, 70)",ema20_gt_ema50_and_ema50_gt_ema200,True,True,False
79,16,63,20.25,2807.07,-3582.99,-775.93,0.7834,0.7834414021658198,-931.85,-9.82,2026-07-09T13:42:14.891771,BTCUSDT,80,0.05,-0.015,"(40, 70)",ema20_gt_ema50_and_ema50_gt_ema200,True,True,False
89,18,71,20.22,3118.68,-4075.78,-957.1,0.7652,0.7651749546142077,-1147.45,-10.75,2026-07-09T13:41:56.856100,BTCUSDT,80,0.05,-0.015,"(35, 70)",ema20_gt_ema50_and_ema50_gt_ema200,True,False,False
88,17,71,19.32,2950.18,-4034.74,-1084.56,0.7312,0.731195430051488,-1274.91,-12.32,2026-07-09T13:42:08.646023,BTCUSDT,80,0.05,-0.015,"(40, 70)",ema20_gt_ema50_and_ema50_gt_ema200,True,False,False
0,0,0,0.0,0.0,0.0,0.0,0.0,0.0,0.0,0.0,2026-07-09T13:41:59.754556,BTCUSDT,80,0.05,-0.015,"(35, 70)",ema20_gt_ema50_and_ema50_gt_ema200,True,False,True
0,0,0,0.0,0.0,0.0,0.0,0.0,0.0,0.0,0.0,2026-07-09T13:42:05.546948,BTCUSDT,80,0.05,-0.015,"(35, 70)",ema20_gt_ema50_and_ema50_gt_ema200,True,True,True
0,0,0,0.0,0.0,0.0,0.0,0.0,0.0,0.0,0.0,2026-07-09T13:42:11.821924,BTCUSDT,80,0.05,-0.015,"(40, 70)",ema20_gt_ema50_and_ema50_gt_ema200,True,False,True
0,0,0,0.0,0.0,0.0,0.0,0.0,0.0,0.0,0.0,2026-07-09T13:42:18.105445,BTCUSDT,80,0.05,-0.015,"(40, 70)",ema20_gt_ema50_and_ema50_gt_ema200,True,True,True
0,0,0,0.0,0.0,0.0,0.0,0.0,0.0,0.0,0.0,2026-07-09T13:42:24.217443,BTCUSDT,80,0.06,-0.015,"(35, 70)",ema20_gt_ema50_and_ema50_gt_ema200,True,False,True
0,0,0,0.0,0.0,0.0,0.0,0.0,0.0,0.0,0.0,2026-07-09T13:42:30.384122,BTCUSDT,80,0.06,-0.015,"(35, 70)",ema20_gt_ema50_and_ema50_gt_ema200,True,True,True
0,0,0,0.0,0.0,0.0,0.0,0.0,0.0,0.0,0.0,2026-07-09T13:42:36.507047,BTCUSDT,80,0.06,-0.015,"(40, 70)",ema20_gt_ema50_and_ema50_gt_ema200,True,False,True
0,0,0,0.0,0.0,0.0,0.0,0.0,0.0,0.0,0.0,2026-07-09T13:42:42.761594,BTCUSDT,80,0.06,-0.015,"(40, 70)",ema20_gt_ema50_and_ema50_gt_ema200,True,True,True
0,0,0,0.0,0.0,0.0,0.0,0.0,0.0,0.0,0.0,2026-07-09T13:42:48.947409,BTCUSDT,80,0.06,-0.02,"(35, 70)",ema20_gt_ema50_and_ema50_gt_ema200,True,False,True
0,0,0,0.0,0.0,0.0,0.0,0.0,0.0,0.0,0.0,2026-07-09T13:42:55.113648,BTCUSDT,80,0.06,-0.02,"(35, 70)",ema20_gt_ema50_and_ema50_gt_ema200,True,True,True
0,0,0,0.0,0.0,0.0,0.0,0.0,0.0,0.0,0.0,2026-07-09T13:43:01.261342,BTCUSDT,80,0.06,-0.02,"(40, 70)",ema20_gt_ema50_and_ema50_gt_ema200,True,False,True
0,0,0,0.0,0.0,0.0,0.0,0.0,0.0,0.0,0.0,2026-07-09T13:43:07.362387,BTCUSDT,80,0.06,-0.02,"(40, 70)",ema20_gt_ema50_and_ema50_gt_ema200,True,True,True
0,0,0,0.0,0.0,0.0,0.0,0.0,0.0,0.0,0.0,2026-07-09T13:43:13.444311,BTCUSDT,85,0.05,-0.015,"(35, 70)",ema20_gt_ema50_and_ema50_gt_ema200,True,False,True
0,0,0,0.0,0.0,0.0,0.0,0.0,0.0,0.0,0.0,2026-07-09T13:43:19.491805,BTCUSDT,85,0.05,-0.015,"(35, 70)",ema20_gt_ema50_and_ema50_gt_ema200,True,True,True
0,0,0,0.0,0.0,0.0,0.0,0.0,0.0,0.0,0.0,2026-07-09T13:43:25.528853,BTCUSDT,85,0.05,-0.015,"(40, 70)",ema20_gt_ema50_and_ema50_gt_ema200,True,False,True
0,0,0,0.0,0.0,0.0,0.0,0.0,0.0,0.0,0.0,2026-07-09T13:43:31.708049,BTCUSDT,85,0.05,-0.015,"(40, 70)",ema20_gt_ema50_and_ema50_gt_ema200,True,True,True
0,0,0,0.0,0.0,0.0,0.0,0.0,0.0,0.0,0.0,2026-07-09T13:43:38.063179,BTCUSDT,85,0.06,-0.015,"(35, 70)",ema20_gt_ema50_and_ema50_gt_ema200,True,False,True
0,0,0,0.0,0.0,0.0,0.0,0.0,0.0,0.0,0.0,2026-07-09T13:43:44.153545,BTCUSDT,85,0.06,-0.015,"(35, 70)",ema20_gt_ema50_and_ema50_gt_ema200,True,True,True
0,0,0,0.0,0.0,0.0,0.0,0.0,0.0,0.0,0.0,2026-07-09T13:43:50.186040,BTCUSDT,85,0.06,-0.015,"(40, 70)",ema20_gt_ema50_and_ema50_gt_ema200,True,False,True
0,0,0,0.0,0.0,0.0,0.0,0.0,0.0,0.0,0.0,2026-07-09T13:43:56.260357,BTCUSDT,85,0.06,-0.015,"(40, 70)",ema20_gt_ema50_and_ema50_gt_ema200,True,True,True
0,0,0,0.0,0.0,0.0,0.0,0.0,0.0,0.0,0.0,2026-07-09T13:44:02.563779,BTCUSDT,85,0.06,-0.02,"(35, 70)",ema20_gt_ema50_and_ema50_gt_ema200,True,False,True
0,0,0,0.0,0.0,0.0,0.0,0.0,0.0,0.0,0.0,2026-07-09T13:44:08.648305,BTCUSDT,85,0.06,-0.02,"(35, 70)",ema20_gt_ema50_and_ema50_gt_ema200,True,True,True
0,0,0,0.0,0.0,0.0,0.0,0.0,0.0,0.0,0.0,2026-07-09T13:44:14.786344,BTCUSDT,85,0.06,-0.02,"(40, 70)",ema20_gt_ema50_and_ema50_gt_ema200,True,False,True
0,0,0,0.0,0.0,0.0,0.0,0.0,0.0,0.0,0.0,2026-07-09T13:44:20.869699,BTCUSDT,85,0.06,-0.02,"(40, 70)",ema20_gt_ema50_and_ema50_gt_ema200,True,True,True
0,0,0,0.0,0.0,0.0,0.0,0.0,0.0,0.0,0.0,2026-07-09T13:44:27.279022,ETHUSDT,80,0.05,-0.015,"(35, 70)",ema20_gt_ema50_and_ema50_gt_ema200,True,False,True
0,0,0,0.0,0.0,0.0,0.0,0.0,0.0,0.0,0.0,2026-07-09T13:44:33.457479,ETHUSDT,80,0.05,-0.015,"(35, 70)",ema20_gt_ema50_and_ema50_gt_ema200,True,True,True
0,0,0,0.0,0.0,0.0,0.0,0.0,0.0,0.0,0.0,2026-07-09T13:44:39.562159,ETHUSDT,80,0.05,-0.015,"(40, 70)",ema20_gt_ema50_and_ema50_gt_ema200,True,False,True
0,0,0,0.0,0.0,0.0,0.0,0.0,0.0,0.0,0.0,2026-07-09T13:44:45.721664,ETHUSDT,80,0.05,-0.015,"(40, 70)",ema20_gt_ema50_and_ema50_gt_ema200,True,True,True
0,0,0,0.0,0.0,0.0,0.0,0.0,0.0,0.0,0.0,2026-07-09T13:44:51.836510,ETHUSDT,80,0.06,-0.015,"(35, 70)",ema20_gt_ema50_and_ema50_gt_ema200,True,False,True
0,0,0,0.0,0.0,0.0,0.0,0.0,0.0,0.0,0.0,2026-07-09T13:44:58.006997,ETHUSDT,80,0.06,-0.015,"(35, 70)",ema20_gt_ema50_and_ema50_gt_ema200,True,True,True
0,0,0,0.0,0.0,0.0,0.0,0.0,0.0,0.0,0.0,2026-07-09T13:45:04.156307,ETHUSDT,80,0.06,-0.015,"(40, 70)",ema20_gt_ema50_and_ema50_gt_ema200,True,False,True
0,0,0,0.0,0.0,0.0,0.0,0.0,0.0,0.0,0.0,2026-07-09T13:45:10.323748,ETHUSDT,80,0.06,-0.015,"(40, 70)",ema20_gt_ema50_and_ema50_gt_ema200,True,True,True
0,0,0,0.0,0.0,0.0,0.0,0.0,0.0,0.0,0.0,2026-07-09T13:45:16.397290,ETHUSDT,80,0.06,-0.02,"(35, 70)",ema20_gt_ema50_and_ema50_gt_ema200,True,False,True
0,0,0,0.0,0.0,0.0,0.0,0.0,0.0,0.0,0.0,2026-07-09T13:45:22.546602,ETHUSDT,80,0.06,-0.02,"(35, 70)",ema20_gt_ema50_and_ema50_gt_ema200,True,True,True
0,0,0,0.0,0.0,0.0,0.0,0.0,0.0,0.0,0.0,2026-07-09T13:45:29.302398,ETHUSDT,80,0.06,-0.02,"(40, 70)",ema20_gt_ema50_and_ema50_gt_ema200,True,False,True
0,0,0,0.0,0.0,0.0,0.0,0.0,0.0,0.0,0.0,2026-07-09T13:45:35.523930,ETHUSDT,80,0.06,-0.02,"(40, 70)",ema20_gt_ema50_and_ema50_gt_ema200,True,True,True
0,0,0,0.0,0.0,0.0,0.0,0.0,0.0,0.0,0.0,2026-07-09T13:45:41.622623,ETHUSDT,85,0.05,-0.015,"(35, 70)",ema20_gt_ema50_and_ema50_gt_ema200,True,False,True
0,0,0,0.0,0.0,0.0,0.0,0.0,0.0,0.0,0.0,2026-07-09T13:45:47.800150,ETHUSDT,85,0.05,-0.015,"(35, 70)",ema20_gt_ema50_and_ema50_gt_ema200,True,True,True
0,0,0,0.0,0.0,0.0,0.0,0.0,0.0,0.0,0.0,2026-07-09T13:45:55.368522,ETHUSDT,85,0.05,-0.015,"(40, 70)",ema20_gt_ema50_and_ema50_gt_ema200,True,False,True
0,0,0,0.0,0.0,0.0,0.0,0.0,0.0,0.0,0.0,2026-07-09T13:46:01.540505,ETHUSDT,85,0.05,-0.015,"(40, 70)",ema20_gt_ema50_and_ema50_gt_ema200,True,True,True
0,0,0,0.0,0.0,0.0,0.0,0.0,0.0,0.0,0.0,2026-07-09T13:46:07.862177,ETHUSDT,85,0.06,-0.015,"(35, 70)",ema20_gt_ema50_and_ema50_gt_ema200,True,False,True
0,0,0,0.0,0.0,0.0,0.0,0.0,0.0,0.0,0.0,2026-07-09T13:46:14.049128,ETHUSDT,85,0.06,-0.015,"(35, 70)",ema20_gt_ema50_and_ema50_gt_ema200,True,True,True
0,0,0,0.0,0.0,0.0,0.0,0.0,0.0,0.0,0.0,2026-07-09T13:46:20.114696,ETHUSDT,85,0.06,-0.015,"(40, 70)",ema20_gt_ema50_and_ema50_gt_ema200,True,False,True
0,0,0,0.0,0.0,0.0,0.0,0.0,0.0,0.0,0.0,2026-07-09T13:46:26.190404,ETHUSDT,85,0.06,-0.015,"(40, 70)",ema20_gt_ema50_and_ema50_gt_ema200,True,True,True
0,0,0,0.0,0.0,0.0,0.0,0.0,0.0,0.0,0.0,2026-07-09T13:46:32.317933,ETHUSDT,85,0.06,-0.02,"(35, 70)",ema20_gt_ema50_and_ema50_gt_ema200,True,False,True
0,0,0,0.0,0.0,0.0,0.0,0.0,0.0,0.0,0.0,2026-07-09T13:46:38.740046,ETHUSDT,85,0.06,-0.02,"(35, 70)",ema20_gt_ema50_and_ema50_gt_ema200,True,True,True
0,0,0,0.0,0.0,0.0,0.0,0.0,0.0,0.0,0.0,2026-07-09T13:46:45.628701,ETHUSDT,85,0.06,-0.02,"(40, 70)",ema20_gt_ema50_and_ema50_gt_ema200,True,False,True
0,0,0,0.0,0.0,0.0,0.0,0.0,0.0,0.0,0.0,2026-07-09T13:46:52.444249,ETHUSDT,85,0.06,-0.02,"(40, 70)",ema20_gt_ema50_and_ema50_gt_ema200,True,True,True
0,0,0,0.0,0.0,0.0,0.0,0.0,0.0,0.0,0.0,2026-07-09T13:47:00.164490,SOLUSDT,80,0.05,-0.015,"(35, 70)",ema20_gt_ema50_and_ema50_gt_ema200,True,False,True
0,0,0,0.0,0.0,0.0,0.0,0.0,0.0,0.0,0.0,2026-07-09T13:47:06.434286,SOLUSDT,80,0.05,-0.015,"(35, 70)",ema20_gt_ema50_and_ema50_gt_ema200,True,True,True
0,0,0,0.0,0.0,0.0,0.0,0.0,0.0,0.0,0.0,2026-07-09T13:47:12.912018,SOLUSDT,80,0.05,-0.015,"(40, 70)",ema20_gt_ema50_and_ema50_gt_ema200,True,False,True
0,0,0,0.0,0.0,0.0,0.0,0.0,0.0,0.0,0.0,2026-07-09T13:47:19.217687,SOLUSDT,80,0.05,-0.015,"(40, 70)",ema20_gt_ema50_and_ema50_gt_ema200,True,True,True
0,0,0,0.0,0.0,0.0,0.0,0.0,0.0,0.0,0.0,2026-07-09T13:47:25.363545,SOLUSDT,80,0.06,-0.015,"(35, 70)",ema20_gt_ema50_and_ema50_gt_ema200,True,False,True
0,0,0,0.0,0.0,0.0,0.0,0.0,0.0,0.0,0.0,2026-07-09T13:47:31.630945,SOLUSDT,80,0.06,-0.015,"(35, 70)",ema20_gt_ema50_and_ema50_gt_ema200,True,True,True
0,0,0,0.0,0.0,0.0,0.0,0.0,0.0,0.0,0.0,2026-07-09T13:47:37.787417,SOLUSDT,80,0.06,-0.015,"(40, 70)",ema20_gt_ema50_and_ema50_gt_ema200,True,False,True
0,0,0,0.0,0.0,0.0,0.0,0.0,0.0,0.0,0.0,2026-07-09T13:47:44.367946,SOLUSDT,80,0.06,-0.015,"(40, 70)",ema20_gt_ema50_and_ema50_gt_ema200,True,True,True
0,0,0,0.0,0.0,0.0,0.0,0.0,0.0,0.0,0.0,2026-07-09T13:47:50.843923,SOLUSDT,80,0.06,-0.02,"(35, 70)",ema20_gt_ema50_and_ema50_gt_ema200,True,False,True
0,0,0,0.0,0.0,0.0,0.0,0.0,0.0,0.0,0.0,2026-07-09T13:47:57.248317,SOLUSDT,80,0.06,-0.02,"(35, 70)",ema20_gt_ema50_and_ema50_gt_ema200,True,True,True
0,0,0,0.0,0.0,0.0,0.0,0.0,0.0,0.0,0.0,2026-07-09T13:48:03.569993,SOLUSDT,80,0.06,-0.02,"(40, 70)",ema20_gt_ema50_and_ema50_gt_ema200,True,False,True
0,0,0,0.0,0.0,0.0,0.0,0.0,0.0,0.0,0.0,2026-07-09T13:48:09.737747,SOLUSDT,80,0.06,-0.02,"(40, 70)",ema20_gt_ema50_and_ema50_gt_ema200,True,True,True
0,0,0,0.0,0.0,0.0,0.0,0.0,0.0,0.0,0.0,2026-07-09T13:48:15.862777,SOLUSDT,85,0.05,-0.015,"(35, 70)",ema20_gt_ema50_and_ema50_gt_ema200,True,False,True
0,0,0,0.0,0.0,0.0,0.0,0.0,0.0,0.0,0.0,2026-07-09T13:48:21.997417,SOLUSDT,85,0.05,-0.015,"(35, 70)",ema20_gt_ema50_and_ema50_gt_ema200,True,True,True
0,0,0,0.0,0.0,0.0,0.0,0.0,0.0,0.0,0.0,2026-07-09T13:48:28.200386,SOLUSDT,85,0.05,-0.015,"(40, 70)",ema20_gt_ema50_and_ema50_gt_ema200,True,False,True
0,0,0,0.0,0.0,0.0,0.0,0.0,0.0,0.0,0.0,2026-07-09T13:48:34.348218,SOLUSDT,85,0.05,-0.015,"(40, 70)",ema20_gt_ema50_and_ema50_gt_ema200,True,True,True
0,0,0,0.0,0.0,0.0,0.0,0.0,0.0,0.0,0.0,2026-07-09T13:48:40.826322,SOLUSDT,85,0.06,-0.015,"(35, 70)",ema20_gt_ema50_and_ema50_gt_ema200,True,False,True
0,0,0,0.0,0.0,0.0,0.0,0.0,0.0,0.0,0.0,2026-07-09T13:48:46.918059,SOLUSDT,85,0.06,-0.015,"(35, 70)",ema20_gt_ema50_and_ema50_gt_ema200,True,True,True
0,0,0,0.0,0.0,0.0,0.0,0.0,0.0,0.0,0.0,2026-07-09T13:48:53.043507,SOLUSDT,85,0.06,-0.015,"(40, 70)",ema20_gt_ema50_and_ema50_gt_ema200,True,False,True
0,0,0,0.0,0.0,0.0,0.0,0.0,0.0,0.0,0.0,2026-07-09T13:48:59.140852,SOLUSDT,85,0.06,-0.015,"(40, 70)",ema20_gt_ema50_and_ema50_gt_ema200,True,True,True
0,0,0,0.0,0.0,0.0,0.0,0.0,0.0,0.0,0.0,2026-07-09T13:49:05.544880,SOLUSDT,85,0.06,-0.02,"(35, 70)",ema20_gt_ema50_and_ema50_gt_ema200,True,False,True
0,0,0,0.0,0.0,0.0,0.0,0.0,0.0,0.0,0.0,2026-07-09T13:49:11.694053,SOLUSDT,85,0.06,-0.02,"(35, 70)",ema20_gt_ema50_and_ema50_gt_ema200,True,True,True
0,0,0,0.0,0.0,0.0,0.0,0.0,0.0,0.0,0.0,2026-07-09T13:49:17.799490,SOLUSDT,85,0.06,-0.02,"(40, 70)",ema20_gt_ema50_and_ema50_gt_ema200,True,False,True
0,0,0,0.0,0.0,0.0,0.0,0.0,0.0,0.0,0.0,2026-07-09T13:49:24.308000,SOLUSDT,85,0.06,-0.02,"(40, 70)",ema20_gt_ema50_and_ema50_gt_ema200,True,True,True
0,0,0,0.0,0.0,0.0,0.0,0.0,0.0,0.0,0.0,2026-07-09T13:49:30.813497,XRPUSDT,80,0.05,-0.015,"(35, 70)",ema20_gt_ema50_and_ema50_gt_ema200,True,False,True
0,0,0,0.0,0.0,0.0,0.0,0.0,0.0,0.0,0.0,2026-07-09T13:49:37.453134,XRPUSDT,80,0.05,-0.015,"(35, 70)",ema20_gt_ema50_and_ema50_gt_ema200,True,True,True
0,0,0,0.0,0.0,0.0,0.0,0.0,0.0,0.0,0.0,2026-07-09T13:49:45.230207,XRPUSDT,80,0.05,-0.015,"(40, 70)",ema20_gt_ema50_and_ema50_gt_ema200,True,False,True
0,0,0,0.0,0.0,0.0,0.0,0.0,0.0,0.0,0.0,2026-07-09T13:49:53.816165,XRPUSDT,80,0.05,-0.015,"(40, 70)",ema20_gt_ema50_and_ema50_gt_ema200,True,True,True
0,0,0,0.0,0.0,0.0,0.0,0.0,0.0,0.0,0.0,2026-07-09T13:50:02.101271,XRPUSDT,80,0.06,-0.015,"(35, 70)",ema20_gt_ema50_and_ema50_gt_ema200,True,False,True
0,0,0,0.0,0.0,0.0,0.0,0.0,0.0,0.0,0.0,2026-07-09T13:50:10.085678,XRPUSDT,80,0.06,-0.015,"(35, 70)",ema20_gt_ema50_and_ema50_gt_ema200,True,True,True
0,0,0,0.0,0.0,0.0,0.0,0.0,0.0,0.0,0.0,2026-07-09T13:50:17.334067,XRPUSDT,80,0.06,-0.015,"(40, 70)",ema20_gt_ema50_and_ema50_gt_ema200,True,False,True
0,0,0,0.0,0.0,0.0,0.0,0.0,0.0,0.0,0.0,2026-07-09T13:50:24.900124,XRPUSDT,80,0.06,-0.015,"(40, 70)",ema20_gt_ema50_and_ema50_gt_ema200,True,True,True
0,0,0,0.0,0.0,0.0,0.0,0.0,0.0,0.0,0.0,2026-07-09T13:50:36.652825,XRPUSDT,80,0.06,-0.02,"(35, 70)",ema20_gt_ema50_and_ema50_gt_ema200,True,False,True
0,0,0,0.0,0.0,0.0,0.0,0.0,0.0,0.0,0.0,2026-07-09T13:50:46.278900,XRPUSDT,80,0.06,-0.02,"(35, 70)",ema20_gt_ema50_and_ema50_gt_ema200,True,True,True
0,0,0,0.0,0.0,0.0,0.0,0.0,0.0,0.0,0.0,2026-07-09T13:50:55.803948,XRPUSDT,80,0.06,-0.02,"(40, 70)",ema20_gt_ema50_and_ema50_gt_ema200,True,False,True
0,0,0,0.0,0.0,0.0,0.0,0.0,0.0,0.0,0.0,2026-07-09T13:51:02.656065,XRPUSDT,80,0.06,-0.02,"(40, 70)",ema20_gt_ema50_and_ema50_gt_ema200,True,True,True
0,0,0,0.0,0.0,0.0,0.0,0.0,0.0,0.0,0.0,2026-07-09T13:51:09.005655,XRPUSDT,85,0.05,-0.015,"(35, 70)",ema20_gt_ema50_and_ema50_gt_ema200,True,False,True
0,0,0,0.0,0.0,0.0,0.0,0.0,0.0,0.0,0.0,2026-07-09T13:51:15.503034,XRPUSDT,85,0.05,-0.015,"(35, 70)",ema20_gt_ema50_and_ema50_gt_ema200,True,True,True
0,0,0,0.0,0.0,0.0,0.0,0.0,0.0,0.0,0.0,2026-07-09T13:51:22.300872,XRPUSDT,85,0.05,-0.015,"(40, 70)",ema20_gt_ema50_and_ema50_gt_ema200,True,False,True
0,0,0,0.0,0.0,0.0,0.0,0.0,0.0,0.0,0.0,2026-07-09T13:51:29.253128,XRPUSDT,85,0.05,-0.015,"(40, 70)",ema20_gt_ema50_and_ema50_gt_ema200,True,True,True
0,0,0,0.0,0.0,0.0,0.0,0.0,0.0,0.0,0.0,2026-07-09T13:51:35.573709,XRPUSDT,85,0.06,-0.015,"(35, 70)",ema20_gt_ema50_and_ema50_gt_ema200,True,False,True
0,0,0,0.0,0.0,0.0,0.0,0.0,0.0,0.0,0.0,2026-07-09T13:51:41.735372,XRPUSDT,85,0.06,-0.015,"(35, 70)",ema20_gt_ema50_and_ema50_gt_ema200,True,True,True
0,0,0,0.0,0.0,0.0,0.0,0.0,0.0,0.0,0.0,2026-07-09T13:51:48.173473,XRPUSDT,85,0.06,-0.015,"(40, 70)",ema20_gt_ema50_and_ema50_gt_ema200,True,False,True
0,0,0,0.0,0.0,0.0,0.0,0.0,0.0,0.0,0.0,2026-07-09T13:51:54.665135,XRPUSDT,85,0.06,-0.015,"(40, 70)",ema20_gt_ema50_and_ema50_gt_ema200,True,True,True
0,0,0,0.0,0.0,0.0,0.0,0.0,0.0,0.0,0.0,2026-07-09T13:52:01.536669,XRPUSDT,85,0.06,-0.02,"(35, 70)",ema20_gt_ema50_and_ema50_gt_ema200,True,False,True
0,0,0,0.0,0.0,0.0,0.0,0.0,0.0,0.0,0.0,2026-07-09T13:52:07.892986,XRPUSDT,85,0.06,-0.02,"(35, 70)",ema20_gt_ema50_and_ema50_gt_ema200,True,True,True
0,0,0,0.0,0.0,0.0,0.0,0.0,0.0,0.0,0.0,2026-07-09T13:52:14.174168,XRPUSDT,85,0.06,-0.02,"(40, 70)",ema20_gt_ema50_and_ema50_gt_ema200,True,False,True
0,0,0,0.0,0.0,0.0,0.0,0.0,0.0,0.0,0.0,2026-07-09T13:52:20.401939,XRPUSDT,85,0.06,-0.02,"(40, 70)",ema20_gt_ema50_and_ema50_gt_ema200,True,True,True
0,0,0,0.0,0.0,0.0,0.0,0.0,0.0,0.0,0.0,2026-07-09T13:52:27.288219,BNBUSDT,80,0.05,-0.015,"(35, 70)",ema20_gt_ema50_and_ema50_gt_ema200,True,False,True
0,0,0,0.0,0.0,0.0,0.0,0.0,0.0,0.0,0.0,2026-07-09T13:52:33.618046,BNBUSDT,80,0.05,-0.015,"(35, 70)",ema20_gt_ema50_and_ema50_gt_ema200,True,True,True
0,0,0,0.0,0.0,0.0,0.0,0.0,0.0,0.0,0.0,2026-07-09T13:52:39.920078,BNBUSDT,80,0.05,-0.015,"(40, 70)",ema20_gt_ema50_and_ema50_gt_ema200,True,False,True
0,0,0,0.0,0.0,0.0,0.0,0.0,0.0,0.0,0.0,2026-07-09T13:52:46.116986,BNBUSDT,80,0.05,-0.015,"(40, 70)",ema20_gt_ema50_and_ema50_gt_ema200,True,True,True
0,0,0,0.0,0.0,0.0,0.0,0.0,0.0,0.0,0.0,2026-07-09T13:52:52.732343,BNBUSDT,80,0.06,-0.015,"(35, 70)",ema20_gt_ema50_and_ema50_gt_ema200,True,False,True
0,0,0,0.0,0.0,0.0,0.0,0.0,0.0,0.0,0.0,2026-07-09T13:52:59.112016,BNBUSDT,80,0.06,-0.015,"(35, 70)",ema20_gt_ema50_and_ema50_gt_ema200,True,True,True
0,0,0,0.0,0.0,0.0,0.0,0.0,0.0,0.0,0.0,2026-07-09T13:53:05.361666,BNBUSDT,80,0.06,-0.015,"(40, 70)",ema20_gt_ema50_and_ema50_gt_ema200,True,False,True
0,0,0,0.0,0.0,0.0,0.0,0.0,0.0,0.0,0.0,2026-07-09T13:53:11.657537,BNBUSDT,80,0.06,-0.015,"(40, 70)",ema20_gt_ema50_and_ema50_gt_ema200,True,True,True
0,0,0,0.0,0.0,0.0,0.0,0.0,0.0,0.0,0.0,2026-07-09T13:53:17.908057,BNBUSDT,80,0.06,-0.02,"(35, 70)",ema20_gt_ema50_and_ema50_gt_ema200,True,False,True
0,0,0,0.0,0.0,0.0,0.0,0.0,0.0,0.0,0.0,2026-07-09T13:53:24.561646,BNBUSDT,80,0.06,-0.02,"(35, 70)",ema20_gt_ema50_and_ema50_gt_ema200,True,True,True
0,0,0,0.0,0.0,0.0,0.0,0.0,0.0,0.0,0.0,2026-07-09T13:53:30.902213,BNBUSDT,80,0.06,-0.02,"(40, 70)",ema20_gt_ema50_and_ema50_gt_ema200,True,False,True
0,0,0,0.0,0.0,0.0,0.0,0.0,0.0,0.0,0.0,2026-07-09T13:53:37.230508,BNBUSDT,80,0.06,-0.02,"(40, 70)",ema20_gt_ema50_and_ema50_gt_ema200,True,True,True
0,0,0,0.0,0.0,0.0,0.0,0.0,0.0,0.0,0.0,2026-07-09T13:53:43.365093,BNBUSDT,85,0.05,-0.015,"(35, 70)",ema20_gt_ema50_and_ema50_gt_ema200,True,False,True
0,0,0,0.0,0.0,0.0,0.0,0.0,0.0,0.0,0.0,2026-07-09T13:53:49.554274,BNBUSDT,85,0.05,-0.015,"(35, 70)",ema20_gt_ema50_and_ema50_gt_ema200,True,True,True
0,0,0,0.0,0.0,0.0,0.0,0.0,0.0,0.0,0.0,2026-07-09T13:53:56.011505,BNBUSDT,85,0.05,-0.015,"(40, 70)",ema20_gt_ema50_and_ema50_gt_ema200,True,False,True
0,0,0,0.0,0.0,0.0,0.0,0.0,0.0,0.0,0.0,2026-07-09T13:54:02.313153,BNBUSDT,85,0.05,-0.015,"(40, 70)",ema20_gt_ema50_and_ema50_gt_ema200,True,True,True
0,0,0,0.0,0.0,0.0,0.0,0.0,0.0,0.0,0.0,2026-07-09T13:54:08.524536,BNBUSDT,85,0.06,-0.015,"(35, 70)",ema20_gt_ema50_and_ema50_gt_ema200,True,False,True
0,0,0,0.0,0.0,0.0,0.0,0.0,0.0,0.0,0.0,2026-07-09T13:54:14.746852,BNBUSDT,85,0.06,-0.015,"(35, 70)",ema20_gt_ema50_and_ema50_gt_ema200,True,True,True
0,0,0,0.0,0.0,0.0,0.0,0.0,0.0,0.0,0.0,2026-07-09T13:54:21.079868,BNBUSDT,85,0.06,-0.015,"(40, 70)",ema20_gt_ema50_and_ema50_gt_ema200,True,False,True
0,0,0,0.0,0.0,0.0,0.0,0.0,0.0,0.0,0.0,2026-07-09T13:54:27.253053,BNBUSDT,85,0.06,-0.015,"(40, 70)",ema20_gt_ema50_and_ema50_gt_ema200,True,True,True
0,0,0,0.0,0.0,0.0,0.0,0.0,0.0,0.0,0.0,2026-07-09T13:54:33.410872,BNBUSDT,85,0.06,-0.02,"(35, 70)",ema20_gt_ema50_and_ema50_gt_ema200,True,False,True
0,0,0,0.0,0.0,0.0,0.0,0.0,0.0,0.0,0.0,2026-07-09T13:54:39.607593,BNBUSDT,85,0.06,-0.02,"(35, 70)",ema20_gt_ema50_and_ema50_gt_ema200,True,True,True
0,0,0,0.0,0.0,0.0,0.0,0.0,0.0,0.0,0.0,2026-07-09T13:54:46.020563,BNBUSDT,85,0.06,-0.02,"(40, 70)",ema20_gt_ema50_and_ema50_gt_ema200,True,False,True
0,0,0,0.0,0.0,0.0,0.0,0.0,0.0,0.0,0.0,2026-07-09T13:54:52.369139,BNBUSDT,85,0.06,-0.02,"(40, 70)",ema20_gt_ema50_and_ema50_gt_ema200,True,True,True
