open_time,open,high,low,close,volume,close_time,quote_volume,trades,taker_buy_base,taker_buy_quote,ignore,EMA20,EMA50,EMA200,RSI14,MACD,MACD_SIGNAL,MACD_HIST,ATR14,BB_UPPER,BB_MIDDLE,BB_LOWER,VOLUME_MA20,AI_SCORE,Signal
2026-07-07 10:45:00,1.1248,1.1257,1.123,1.1238,479887.2,2026-07-07 10:59:59.999,539527.56089,2368,260335.7,292720.69877,0,,,,,,,,0.0,,,,,10.0,SELL
2026-07-07 11:00:00,1.1238,1.1238,1.12,1.1205,1072665.1,2026-07-07 11:14:59.999,1203085.60154,5063,318556.6,357251.44453,0,,,,,,,,0.0,,,,,10.0,SELL
2026-07-07 11:15:00,1.1204,1.1232,1.1201,1.1225,657572.3,2026-07-07 11:29:59.999,737606.6722,2901,210733.5,236400.42856,0,,,,,,,,0.0,,,,,10.0,SELL
2026-07-07 11:30:00,1.1225,1.1237,1.1214,1.1236,491625.8,2026-07-07 11:44:59.999,551858.70536,2997,156369.9,175527.15998,0,,,,,,,,0.0,,,,,10.0,SELL
2026-07-07 11:45:00,1.1237,1.1257,1.1237,1.1251,561905.1,2026-07-07 11:59:59.999,631972.89223,3293,249921.8,281060.76431,0,,,,,,,,0.0,,,,,10.0,SELL
2026-07-07 12:00:00,1.1252,1.1324,1.1248,1.1322,1185762.8,2026-07-07 12:14:59.999,1338758.43692,8039,645213.8,728456.97933,0,,,,,,,,0.0,,,,,10.0,SELL
2026-07-07 12:15:00,1.1322,1.1322,1.1295,1.131,897027.7,2026-07-07 12:29:59.999,1014604.45742,4654,272512.6,308143.40697,0,,,,,,,,0.0,,,,,10.0,SELL
2026-07-07 12:30:00,1.131,1.131,1.1272,1.1288,444041.9,2026-07-07 12:44:59.999,501186.52797,5357,204228.9,230480.87216,0,,,,,,,,0.0,,,,,10.0,SELL
2026-07-07 12:45:00,1.1288,1.1288,1.1264,1.1267,549606.4,2026-07-07 12:59:59.999,619527.03553,3078,337663.4,380615.50093,0,,,,,,,,0.0,,,,,10.0,SELL
2026-07-07 13:00:00,1.1267,1.1272,1.1233,1.1249,342369.5,2026-07-07 13:14:59.999,385127.00825,4861,170250.2,191507.07998,0,,,,,,,,0.0,,,,,10.0,SELL
2026-07-07 13:15:00,1.1249,1.1258,1.1211,1.1217,465896.8,2026-07-07 13:29:59.999,523285.9874,6415,175473.8,197064.21641,0,,,,,,,,0.0,,,,,10.0,SELL
2026-07-07 13:30:00,1.1218,1.1245,1.1191,1.1228,900974.4,2026-07-07 13:44:59.999,1010220.65544,16078,354316.4,397235.27487,0,,,,,,,,0.0,,,,,10.0,SELL
2026-07-07 13:45:00,1.1228,1.1278,1.1202,1.1208,722018.6,2026-07-07 13:59:59.999,811661.79719,10761,363872.0,409021.84888,0,,,,,,,,0.0,,,,,10.0,SELL
2026-07-07 14:00:00,1.1209,1.1244,1.1167,1.1172,902872.2,2026-07-07 14:14:59.999,1011678.84591,13101,450219.0,504427.13602,0,,,,33.04657964239884,,,,0.0042714285714285,,,,,20.0,SELL
2026-07-07 14:15:00,1.1171,1.1178,1.1114,1.1145,2275302.6,2026-07-07 14:29:59.999,2536556.97679,16761,1256986.2,1401318.79518,0,,,,29.083787601441657,,,,0.004423469387755,,,,,20.0,SELL
2026-07-07 14:30:00,1.1145,1.1171,1.1084,1.1125,1592605.8,2026-07-07 14:44:59.999,1771147.16334,16272,768951.4,855231.85421,0,,,,26.54456223354329,,,,0.0047289358600582,,,,,20.0,SELL
2026-07-07 14:45:00,1.1126,1.126,1.1126,1.1252,784458.3,2026-07-07 14:59:59.999,878754.58544,11392,443872.3,497342.78597,0,,,,54.00546954070017,,,,0.0053554404414826,,,,,40.0,WAIT
2026-07-07 15:00:00,1.1251,1.1264,1.1209,1.1212,724923.3,2026-07-07 15:14:59.999,814390.61158,9726,444022.3,498868.20339,0,,,,47.92801986660723,,,,0.0053657661242339,,,,,40.0,WAIT
2026-07-07 15:15:00,1.1211,1.1282,1.1207,1.128,665434.0,2026-07-07 15:29:59.999,748522.07846,8564,307321.5,345759.04486,0,,,,56.82341966735548,,,,0.0055182114010743,,,,,40.0,WAIT
2026-07-07 15:30:00,1.128,1.1326,1.1264,1.1279,1598314.8,2026-07-07 15:44:59.999,1804366.38527,11037,733408.0,828184.65409,0,1.1231863380527534,,,56.67010237279448,,,,0.0055669105867119,1.1333974057975704,1.123545,1.1136925942024296,865763.2300000001,40.0,WAIT
2026-07-07 15:45:00,1.128,1.133,1.128,1.1305,2310290.0,2026-07-07 15:59:59.999,2612467.84493,11782,639655.7,723227.47315,0,1.1238828772858245,,,59.713647598258056,,,,0.0055335598305182,1.1341893355750992,1.1238800000000002,1.1135706644249013,957283.37,40.0,WAIT
2026-07-07 16:00:00,1.1304,1.1308,1.1252,1.1261,1549154.5,2026-07-07 16:14:59.999,1747630.32014,8464,705463.6,796069.87086,0,1.1240940318300316,,,52.93699263711909,,,,0.0055383055569097,1.1343908161942244,1.12416,1.1139291838057757,981107.84,40.0,WAIT
2026-07-07 16:15:00,1.1262,1.1314,1.1249,1.1299,1459878.9,2026-07-07 16:29:59.999,1647249.68431,10725,602398.6,679877.72612,0,1.1246469811795523,,,57.43022362370099,,,,0.0056069980171304,1.1350257324661024,1.1245299999999998,1.1140342675338972,1021223.17,40.0,WAIT
2026-07-07 16:30:00,1.1298,1.1312,1.1275,1.1312,861970.9,2026-07-07 16:44:59.999,973434.5536,6874,192955.7,217898.92195,0,1.1252710782100712,,,58.87670039129464,,,,0.0054707838730497,1.1357869297138483,1.12491,1.1140330702861514,1039740.425,40.0,WAIT
2026-07-07 16:45:00,1.1311,1.1354,1.1292,1.1293,905205.0,2026-07-07 16:59:59.999,1024505.24484,8065,272259.4,308322.23033,0,1.1256547850472072,,,55.88773076349486,,,,0.0055228707392604,1.1361643831878472,1.12512,1.1140756168121526,1056905.42,40.0,WAIT
2026-07-07 17:00:00,1.1294,1.1309,1.1281,1.1299,445223.4,2026-07-07 17:14:59.999,502856.3536,5082,74775.4,84459.32684,0,1.1260590912331874,,,56.63639273619823,0.0016144249457554,,,0.0053283799721704,1.1357971221268106,1.1250049999999998,1.114212877873189,1019878.45,65.0,WAIT
2026-07-07 17:15:00,1.1299,1.1307,1.1264,1.1301,473004.7,2026-07-07 17:29:59.999,533820.04074,4781,191299.5,215903.24275,0,1.1264439396871695,,,56.898982219790206,0.0017249267863745,,,0.0052549242598725,1.135658859752329,1.1249600000000002,1.1142611402476714,998677.3,65.0,WAIT
2026-07-07 17:30:00,1.1302,1.131,1.1282,1.131,663795.3,2026-07-07 17:44:59.999,749911.24112,4372,127593.3,144144.06543,0,1.1268778501931531,,,58.12776541189304,0.0018636398890092,,,0.0050795725270244,1.1359679080561365,1.12507,1.1141720919438636,1009664.97,65.0,WAIT
2026-07-07 17:45:00,1.1309,1.1326,1.1285,1.1326,377558.3,2026-07-07 17:59:59.999,426793.55745,3670,190131.8,214960.87719,0,1.1274228168414244,,,60.294948754975366,0.0020787155119963,,,0.0050096030608084,1.1367327218474064,1.125365,1.1139972781525935,1001062.565,65.0,WAIT
2026-07-07 18:00:00,1.1326,1.1326,1.1292,1.1293,307363.2,2026-07-07 18:14:59.999,347342.27834,4266,131105.6,148145.48179,0,1.12760159618986,,,54.07810925818503,0.0019602851253111,,,0.0048946314136078,1.13707782819849,1.125585,1.1140921718015102,999312.25,65.0,WAIT
2026-07-07 18:15:00,1.1292,1.1308,1.1269,1.1272,306111.7,2026-07-07 18:29:59.999,345493.0051,4020,97555.7,110110.96753,0,1.1275633489336827,,,50.50909448512937,0.0016776369861666,,,0.0048235863126358,1.1372303825793155,1.12586,1.1144896174206842,991322.995,65.0,WAIT
2026-07-07 18:30:00,1.1272,1.1287,1.1254,1.1287,634368.1,2026-07-07 18:44:59.999,714818.84558,4414,334593.3,377114.85803,0,1.1276716014161892,,,52.90021999636537,0.0015567287633477,,,0.0047147587188761,1.13749862816739,1.126155,1.11481137183261,977992.68,65.0,WAIT
2026-07-07 18:45:00,1.1288,1.1301,1.1192,1.1194,1109063.2,2026-07-07 18:59:59.999,1245797.10866,10467,552641.4,620793.45019,0,1.1268838298527424,,,39.99738947423541,0.0007023792581379,,,0.0051565616675278,1.1375762618976335,1.126085,1.1145937381023665,997344.91,44.99999999999999,WAIT
2026-07-07 19:00:00,1.1193,1.1199,1.1153,1.1164,1223649.6,2026-07-07 19:14:59.999,1367285.0639,10067,584272.8,653062.81342,0,1.1258853698667668,,,36.87304104227632,-0.0002143034511643,0.001178301193939,-0.0013926046451033,0.0051168072627044,1.137664548183987,1.126045,1.1144254518160126,1013383.78,20.0,SELL
2026-07-07 19:15:00,1.1164,1.1194,1.1134,1.1183,693753.7,2026-07-07 19:29:59.999,773840.03325,7955,368837.8,411330.55221,0,1.1251629536889796,,,40.06617291113896,-0.0007784929988952,0.0007869423553721,-0.0015654353542673,0.0051798924582255,1.137198991061653,1.126235,1.1152710089383469,934306.3350000002,20.0,SELL
2026-07-07 19:30:00,1.1183,1.1242,1.1183,1.1224,693135.7,2026-07-07 19:44:59.999,777045.32319,6254,485775.5,544397.34924,0,1.12489981524241,,,46.37026535589429,-0.0008845846046798,0.0004526369633617,-0.0013372215680416,0.0052313287112094,1.135919145770963,1.12673,1.117540854229037,889332.8300000001,40.0,WAIT
2026-07-07 19:45:00,1.1224,1.1259,1.1212,1.1228,858366.8,2026-07-07 19:59:59.999,964305.86233,6964,475354.9,533943.63741,0,1.124699832838371,,,46.956462716217615,-0.0009257152404975,0.0001769665225898,-0.0011026817630874,0.0051933766604087,1.135937572031349,1.12661,1.1172824279686508,893028.2550000001,40.0,WAIT
2026-07-07 20:00:00,1.1229,1.1229,1.12,1.1227,455191.3,2026-07-07 20:14:59.999,510693.55971,4144,242895.0,272509.75224,0,1.12450937256805,,,46.81868400924362,-0.0009553678441667,-4.950035076142802e-05,-0.0009058674934052,0.0050295640418081,1.1358602438659693,1.126685,1.1175097561340306,879541.6549999999,40.0,WAIT
2026-07-07 20:15:00,1.1226,1.1232,1.1201,1.1215,541258.4,2026-07-07 20:29:59.999,607077.72381,3289,250255.2,280726.14499,0,1.124222765656807,,,45.10824121169463,-0.0010634390539456,-0.0002522880913982,-0.0008111509625474,0.0048917380388218,1.1357830356043053,1.12636,1.1169369643956948,873332.875,40.0,WAIT
2026-07-07 20:30:00,1.1215,1.1216,1.1183,1.1188,293487.9,2026-07-07 20:44:59.999,328546.28261,2739,140002.7,156758.39513,0,1.12370631178473,,,41.43985710640409,-0.0013513758815053,-0.0004721056494196,-0.0008792702320856,0.0047780424646202,1.1358509489240598,1.125905,1.11595905107594,808091.53,20.0,SELL
2026-07-07 20:45:00,1.1189,1.1189,1.1172,1.1187,159487.6,2026-07-07 20:59:59.999,178336.4799,2283,72005.1,80509.29648,0,1.1232295201861844,,,41.3058735075692,-0.0015695443261001,-0.0006915933847557,-0.0008779509413443,0.0045581822885759,1.135497784491484,1.125315,1.1151322155085162,700551.41,20.0,SELL
2026-07-07 21:00:00,1.1187,1.1217,1.1187,1.1204,303290.3,2026-07-07 21:14:59.999,339740.55244,3576,183563.8,205620.14798,0,1.1229600420732144,,,44.58597078532656,-0.0015869749385195,-0.0008706696955085,-0.000716305243011,0.0044468835536776,1.1354257876084504,1.1250300000000002,1.11463421239155,638258.2,20.0,SELL
2026-07-07 21:15:00,1.1204,1.1205,1.1152,1.1172,309623.6,2026-07-07 21:29:59.999,345864.42788,4912,91634.1,102320.11831,0,1.1224114666376703,,,40.04896702424697,-0.0018378168720274,-0.0010640991308123,-0.0007737177412151,0.0045078204427007,1.1350710432745474,1.1243950000000005,1.113718956725453,580745.4349999999,20.0,SELL
2026-07-07 21:30:00,1.1172,1.1172,1.1121,1.1144,604529.2,2026-07-07 21:44:59.999,673727.25944,3943,204709.6,227971.73829,0,1.121648469815035,,,36.54476731256231,-0.0022367634937554,-0.0012986320034009,-0.0009381314903545,0.0045501189825077,1.1345946512626082,1.123555,1.112515348737392,567873.35,20.0,SELL
2026-07-07 21:45:00,1.1143,1.1154,1.1134,1.1136,356588.7,2026-07-07 21:59:59.999,397343.37817,3394,145937.2,162608.4413,0,1.12088194888027,,,35.58668740339425,-0.0025876559923314,-0.001556436801187,-0.0010312191911444,0.0043679676266143,1.1342864404222834,1.12277,1.1112535595777169,540442.5349999999,20.0,SELL
2026-07-07 22:00:00,1.1135,1.1144,1.1065,1.1144,1688958.1,2026-07-07 22:14:59.999,1874540.95892,10610,587336.0,652073.00768,0,1.1202646204154825,,,37.35535083630326,-0.002769265146574,-0.0017990024702644,-0.0009702626763096,0.0046202556532847,1.1335738557293025,1.121995,1.1104161442706972,602629.2699999999,20.0,SELL
2026-07-07 22:15:00,1.1145,1.1163,1.1128,1.1143,438039.3,2026-07-07 22:29:59.999,488424.98299,3740,197944.8,220706.43409,0,1.1196965613282936,,,37.21778367798992,-0.0028879701517889,-0.0020167960065693,-0.0008711741452196,0.0045402373923358,1.1326189344662567,1.121205,1.1097910655337433,600881.0,20.0,SELL
2026-07-07 22:30:00,1.1143,1.1171,1.1137,1.1162,712387.2,2026-07-07 22:44:59.999,795311.36439,4183,112150.1,125158.66959,0,1.119363555487504,,,41.6171066365625,-0.002796494356424,-0.0021727356765402,-0.0006237586798837,0.0044587918643118,1.131137820620623,1.1204649999999998,1.1097921793793766,603310.595,20.0,SELL
2026-07-07 22:45:00,1.1162,1.1167,1.1146,1.1154,618795.2,2026-07-07 22:59:59.999,690347.47489,3411,108834.6,121415.52033,0,1.1189860740125035,,,40.3354915090205,-0.0027567740682443,-0.0022895433548811,-0.0004672307133632,0.0042903067311467,1.1289125184662725,1.119605,1.1102974815337276,615372.4400000001,20.0,SELL
2026-07-07 23:00:00,1.1154,1.1206,1.115,1.1175,2564335.3,2026-07-07 23:14:59.999,2865880.71206,5939,1576711.9,1762620.72206,0,1.1188445431541698,1.121641250559512,,45.1136857510166,-0.0025267165881237,-0.0023369780015296,-0.0001897385865941,0.0043838562503505,1.1272201873836003,1.119015,1.1108098126163994,728221.0449999999,40.0,WAIT
2026-07-07 23:15:00,1.1175,1.1193,1.1161,1.1172,649660.0,2026-07-07 23:29:59.999,726237.11382,2646,299417.8,334682.90088,0,1.11868791999663,1.121467083870904,,44.56461971314874,-0.0023416092565404,-0.0023379042525318,-3.70500400867068e-06,0.0042992950896112,1.1258351844239058,1.118515,1.111194815576094,745398.46,20.0,SELL
2026-07-07 23:30:00,1.1173,1.1177,1.1126,1.1127,497802.7,2026-07-07 23:44:59.999,554836.72577,2691,157473.4,175486.71669,0,1.118117641901713,1.1211232766602803,,37.24258150511083,-0.0025288714981031,-0.002376097701646,-0.000152773796457,0.0043564882974961,1.123801139991817,1.117715,1.111628860008183,738570.1900000001,20.0,SELL
2026-07-07 23:45:00,1.1127,1.1143,1.111,1.112,501651.2,2026-07-07 23:59:59.999,558226.58376,3506,218925.9,243635.62695,0,1.117535009339645,1.1207655011049753,,36.24497382036072,-0.0027026083369556,-0.0024413998287079,-0.0002612085082476,0.0042810248476749,1.1238609726825697,1.1173449999999998,1.1108290273174302,708199.59,20.0,SELL
2026-07-08 00:00:00,1.112,1.1137,1.1113,1.1123,569541.4,2026-07-08 00:14:59.999,633583.78734,5844,298547.3,332078.79122,0,1.1170364370215835,1.120433520669486,,37.02355880179271,-0.0027839963635558,-0.0025099191356775,-0.0002740772278782,0.0041466659299839,1.1240103420584415,1.11714,1.1102696579415583,675494.1799999999,20.0,SELL
2026-07-08 00:15:00,1.1123,1.1151,1.1101,1.1136,1151906.8,2026-07-08 00:29:59.999,1281519.87525,7139,449861.5,500398.13866,0,1.1167091573052423,1.1201655394667611,,40.41907359054561,-0.0027123317534727,-0.0025504016592365,-0.0001619300942361,0.0042076183635564,1.1239205470207243,1.116905,1.1098894529792758,698401.8350000001,20.0,SELL
2026-07-08 00:30:00,1.1136,1.1165,1.1122,1.1155,516214.6,2026-07-08 00:44:59.999,575093.11435,4750,187014.3,208401.04828,0,1.1165939994666478,1.1199825771347314,,45.07980933253899,-0.002473707551801,-0.0025350628377494,6.135528594840246e-05,0.0042142170518738,1.1231248762364563,1.11656,1.1099951237635437,689555.78,40.0,WAIT
2026-07-08 00:45:00,1.1155,1.1157,1.1135,1.1139,421224.7,2026-07-08 00:59:59.999,469516.24602,3918,175703.4,195866.81913,0,1.1163374280888718,1.119744044698075,,42.09363778785935,-0.0023861961966249,-0.0025052895095245,0.0001190933128996,0.0040703444053114,1.122109422407538,1.116115,1.110120577592462,667698.675,20.0,SELL
2026-07-08 01:00:00,1.114,1.1157,1.1118,1.1153,465668.8,2026-07-08 01:14:59.999,518698.58128,3258,176668.0,196715.06347,0,1.1162386254137413,1.1195697684354058,,45.49580274020461,-0.0021787591383342,-0.0024399834352865,0.0002612242969523,0.0040581769477892,1.12092630292494,1.115745,1.11056369707506,668222.55,40.0,WAIT
2026-07-08 01:15:00,1.1154,1.1154,1.111,1.111,418574.7,2026-07-08 01:29:59.999,466110.99415,3305,82927.6,92357.17227,0,1.1157397087076708,1.1192336990849976,,38.09295451929069,-0.0023344280056183,-0.0024188723493528,8.444434373453902e-05,0.0040825928800899,1.1200802880573062,1.11522,1.110359711942694,662088.365,20.0,SELL
2026-07-08 01:30:00,1.111,1.1115,1.0996,1.1038,3196019.2,2026-07-08 01:44:59.999,3526860.73185,16419,1228104.7,1354422.18154,0,1.114602593592655,1.1186284559836253,,29.45154911340741,-0.0030041465995804,-0.0025359271993983,-0.000468219400182,0.0046409791029406,1.1211701791020832,1.11447,1.107769820897917,807214.93,20.0,SELL
2026-07-08 01:45:00,1.1037,1.1052,1.0978,1.099,1315667.5,2026-07-08 01:59:59.999,1448251.23454,9384,415288.6,457396.3378,0,1.113116632298116,1.1178587126117183,,25.32666989620826,-0.0038775255937149,-0.0028042468782616,-0.0010732787154532,0.0048380520241592,1.122720642912109,1.113485,1.104249357087891,865023.925,20.0,SELL
2026-07-08 02:00:00,1.099,1.0996,1.0953,1.0963,1819706.0,2026-07-08 02:14:59.999,1996213.15295,13663,478554.6,524920.71875,0,1.111515048269724,1.1170132729014552,,23.34595508542404,-0.0047329931749462,-0.0031899961375986,-0.0015429970373476,0.0047996197367192,1.123637394067302,1.11228,1.100922605932698,940844.71,20.0,SELL
2026-07-08 02:15:00,1.0962,1.0983,1.0951,1.0968,1186945.2,2026-07-08 02:29:59.999,1301925.55921,7897,404618.1,443766.22662,0,1.1101136151011788,1.1162205955327706,,24.523150459432745,-0.0053094080243445,-0.0036138785149477,-0.0016955295093967,0.0046853611840964,1.124218148015823,1.11126,1.0983018519841767,984710.79,20.0,SELL
2026-07-08 02:30:00,1.0968,1.0992,1.0887,1.0991,4400215.5,2026-07-08 02:44:59.999,4810821.76066,14820,1669020.8,1825364.52263,0,1.1090646993772568,1.1155491996295248,,29.85927818017349,-0.0055170332422564,-0.0039945094604095,-0.0015225237818469,0.0051006925280895,1.1243937013781855,1.1104949999999998,1.096596298621814,1174495.105,20.0,SELL
2026-07-08 02:45:00,1.0992,1.1018,1.0984,1.1005,778286.2,2026-07-08 02:59:59.999,856014.57368,7674,293979.6,323386.86712,0,1.10824901372228,1.1149590349381708,,32.965932333142405,-0.0055051494871476,-0.0042966374657571,-0.0012085120213904,0.0049792144903688,1.1243144464488275,1.10984,1.0953655535511722,1195579.98,20.0,SELL
2026-07-08 03:00:00,1.1005,1.1042,1.1005,1.1038,833342.9,2026-07-08 03:14:59.999,918770.88416,5175,412939.8,455193.70909,0,1.107825298129682,1.1145214257249092,,39.741021709504,-0.0051698542432629,-0.0044712808212583,-0.0006985734220046,0.0048878420267711,1.123853850934329,1.10931,1.094766149065671,1152799.2200000002,20.0,SELL
2026-07-08 03:15:00,1.1037,1.1039,1.1008,1.1017,988920.7,2026-07-08 03:29:59.999,1090214.94663,5018,392053.7,432151.31428,0,1.1072419364030457,1.1140186247160893,,37.16669624941899,-0.0050157641890142,-0.0045801774948095,-0.0004355866942047,0.0047601390248588,1.1233952437968244,1.10868,1.0939647562031758,1180343.29,20.0,SELL
2026-07-08 03:30:00,1.1016,1.1016,1.0979,1.0983,1051979.7,2026-07-08 03:44:59.999,1156632.88724,4902,531435.4,584352.17371,0,1.1063903234122792,1.1134022080605563,,33.39489490987707,-0.0051091037284032,-0.0046859627415282,-0.0004231409868749,0.0046915576659403,1.1227373610175777,1.107785,1.0928326389824223,1197322.915,20.0,SELL
2026-07-08 03:45:00,1.0984,1.099,1.0943,1.0955,486576.7,2026-07-08 03:59:59.999,533586.94918,5275,150518.4,164964.42925,0,1.105353149753967,1.1127001606856326,,30.637424249508143,-0.0053473714162048,-0.0048182444764635,-0.0005291269397413,0.0046921606898017,1.1222237163379394,1.10679,1.0913562836620605,1190711.99,20.0,SELL
2026-07-08 04:00:00,1.0955,1.0975,1.094,1.0962,634761.6,2026-07-08 04:14:59.999,695544.9728,5254,175800.3,192660.37805,0,1.10448142120597,1.1120530955607058,,32.145877141334495,-0.0054172692181437,-0.0049380494247996,-0.0004792197933441,0.0046070063548159,1.1209942992635544,1.105725,1.0904557007364457,1094233.3050000002,20.0,SELL
2026-07-08 04:15:00,1.0963,1.0971,1.095,1.096,315795.2,2026-07-08 04:29:59.999,346095.54776,3788,137618.1,150819.89298,0,1.1036736668054017,1.1114235624014626,,31.93220295456244,-0.0054262516074905,-0.0050356898613378,-0.0003905617461527,0.004427934472329,1.1195390411455657,1.104665,1.0897909588544343,1077540.065,20.0,SELL
2026-07-08 04:30:00,1.0961,1.0968,1.0929,1.094,456134.9,2026-07-08 04:44:59.999,499347.09602,4600,205082.3,224447.86357,0,1.1027523652048872,1.1107402854445425,,29.79908719844994,-0.0055309956264089,-0.005134751014352,-0.0003962446120568,0.0043902248671627,1.1188156355517422,1.10373,1.088644364448258,1075456.675,20.0,SELL
2026-07-08 04:45:00,1.094,1.0952,1.0919,1.0947,547296.1,2026-07-08 04:59:59.999,598397.59728,3873,318879.0,348681.66831,0,1.1019854732806122,1.1101112546427958,,31.5232621572012,-0.0054941882836652,-0.0052066384682146,-0.0002875498154505,0.0043123516623653,1.11793858948625,1.102865,1.08779141051375,1077738.92,20.0,SELL
2026-07-08 05:00:00,1.0948,1.0962,1.0935,1.0947,346183.9,2026-07-08 05:14:59.999,379100.69265,4754,182001.8,199325.60301,0,1.1012916186824588,1.1095068917156274,,31.5232621572012,-0.0054027387896788,-0.0052458585325075,-0.0001568802571713,0.0041971836864821,1.1168054284688391,1.101985,1.0871645715311606,1066571.045,20.0,SELL
2026-07-08 05:15:00,1.0946,1.0961,1.0935,1.0946,219336.0,2026-07-08 05:29:59.999,240117.09172,3514,75380.7,82527.53132,0,1.100654321665082,1.1089223077267794,,31.39550730442062,-0.0052774978608898,-0.0052521863981839,-2.531146270584768e-05,0.0040830991374477,1.1151757602341597,1.101035,1.0868942397658403,1019942.505,20.0,SELL
2026-07-08 05:30:00,1.0945,1.0946,1.0916,1.0916,418221.8,2026-07-08 05:44:59.999,456985.24021,4042,209067.9,228447.80472,0,1.0997920053160266,1.1082430015414155,,27.76069103839573,-0.0053585484396345,-0.005273458806474,-8.508963316047457e-05,0.0040057349133443,1.1128862868280591,1.09984,1.0867937131719407,1015042.865,20.0,SELL
2026-07-08 05:45:00,1.0916,1.0921,1.0892,1.0914,989081.7,2026-07-08 05:59:59.999,1078901.21219,4698,282997.9,308669.05789,0,1.0989927667145003,1.1075824916770465,,27.53184484352901,-0.0053769379421881,-0.0052941546336169,-8.278330857127304e-05,0.0039267538481054,1.1105409502789412,1.098715,1.0868890497210586,1043435.715,20.0,SELL
2026-07-08 06:00:00,1.0914,1.0915,1.0893,1.0904,672314.0,2026-07-08 06:14:59.999,733113.67335,3572,240954.1,262702.3597,0,1.098174407979786,1.1069086684740248,,26.361695096054547,-0.0054098421058161,-0.0053172921280567,-9.254997775941765e-05,0.0038034142875264,1.107086049084733,1.09747,1.087853950915267,1053767.975,20.0,SELL
2026-07-08 06:15:00,1.0904,1.0915,1.0873,1.0897,849596.4,2026-07-08 06:29:59.999,925545.64204,6866,229653.4,250109.62247,0,1.0973673215055206,1.1062338187299454,,25.543294816282256,-0.0054298115547464,-0.0053397960133947,-9.001554135172184e-05,0.0038317418384174,1.104367028635969,1.096405,1.088442971364031,1075319.06,20.0,SELL
2026-07-08 06:30:00,1.0896,1.09,1.0866,1.0876,1168066.4,2026-07-08 06:44:59.999,1270619.3511,6930,437152.2,475555.6969,0,1.0964371004097568,1.105503080740536,,23.21485825026716,-0.0055511003075578,-0.0053820568722273,-0.0001690434353305,0.0038009031356733,1.103678186252957,1.095595,1.0875118137470428,973921.42,20.0,SELL
2026-07-08 06:45:00,1.0876,1.0926,1.0873,1.0914,761646.3,2026-07-08 06:59:59.999,830230.41577,4548,382850.8,417267.62686,0,1.0959573765612085,1.104950018750711,,34.79734383001987,-0.0052797328026945,-0.0053615920583207,8.185925562622515e-05,0.0039079814831252,1.103336643922261,1.095215,1.0870933560777392,946220.36,20.0,SELL
2026-07-08 07:00:00,1.0914,1.0923,1.0882,1.0916,566949.6,2026-07-08 07:14:59.999,618289.98882,6180,332690.4,362854.21645,0,1.095542388317284,1.1044264886036244,,35.350087277822354,-0.0049910006230697,-0.0052874737712705,0.0002964731482007,0.0039216970914734,1.1032333871834537,1.09498,1.0867266128165465,883582.54,20.0,SELL
2026-07-08 07:15:00,1.0917,1.0946,1.0907,1.0941,857332.6,2026-07-08 07:29:59.999,937059.20439,4565,326474.4,356738.01896,0,1.095405018001352,1.1040215282662271,,41.97209801165168,-0.0045084782530153,-0.0051316746676195,0.0006231964146041,0.0039201472992253,1.1030631445594488,1.094845,1.0866268554405514,867101.9099999999,20.0,SELL
2026-07-08 07:30:00,1.0942,1.0954,1.0929,1.0944,797999.3,2026-07-08 07:44:59.999,873087.96647,4022,185358.9,202866.70069,0,1.0953093020012237,1.1036442134322575,,42.73017570497088,-0.0040551233676109,-0.0049163644076178,0.0008612410400068,0.0038187082064235,1.1025934578974272,1.09461,1.0866265421025725,686991.1,20.0,SELL
2026-07-08 07:45:00,1.0945,1.0946,1.0933,1.094,626238.1,2026-07-08 07:59:59.999,684988.26881,3376,119299.2,130485.64585,0,1.0951846065725357,1.103266008983934,,41.943376953200485,-0.0036856273933754,-0.0046702170047693,0.0009845896113939,0.0036388004773932,1.1017982616086488,1.094285,1.086771738391351,679388.6950000001,20.0,SELL
2026-07-08 08:00:00,1.094,1.0953,1.0928,1.0935,564664.3,2026-07-08 08:14:59.999,617688.27175,5102,267350.4,292444.0404,0,1.0950241678513415,1.102883028239466,,40.92887363234792,-0.0033940208335796,-0.0044149777705314,0.0010209569369517,0.0035574575861509,1.0998859136684551,1.09377,1.0876540863315447,665954.765,20.0,SELL
2026-07-08 08:15:00,1.0936,1.0942,1.0798,1.0803,2977506.8,2026-07-08 08:29:59.999,3232056.41672,28904,972473.7,1056471.41586,0,1.093621866151214,1.1019974192888986,,24.251735801510804,-0.0041798673085708,-0.0043679556781393,0.0001880883695684,0.0043319249014258,1.1002190424922325,1.0927,1.0851809575077676,765384.07,20.0,SELL
2026-07-08 08:30:00,1.0803,1.0816,1.0751,1.0806,3902225.8,2026-07-08 08:44:59.999,4207960.28336,20104,1312607.1,1415654.49336,0,1.092381688422527,1.101158304806981,,24.99971009820472,-0.0047239935518421,-0.0044391632528798,-0.0002848302989622,0.0044867874084668,1.1005564586883425,1.091815,1.0830735413116577,907896.375,20.0,SELL
2026-07-08 08:45:00,1.0806,1.087,1.0796,1.0802,1999819.8,2026-07-08 08:59:59.999,2165110.35752,13094,756622.7,819383.69039,0,1.0912215276203816,1.1003364105008249,,24.650201485488807,-0.0051283774341561,-0.0045770060891351,-0.000551371345021,0.0046948740221477,1.1009665518200629,1.09105,1.0811334481799373,983558.53,20.0,SELL
2026-07-08 09:00:00,1.0801,1.0808,1.0783,1.0785,1270762.0,2026-07-08 09:14:59.999,1371863.22817,8780,332562.5,359092.11976,0,1.0900099535612977,1.099480080677263,,23.167750347551376,-0.005522371901107,-0.0047660792515295,-0.0007562926495775,0.00453809730628,1.1011832167341176,1.090165,1.0791467832658823,1015358.55,20.0,SELL
2026-07-08 09:15:00,1.0785,1.0788,1.0757,1.0787,1164120.1,2026-07-08 09:29:59.999,1253830.72253,7345,369864.6,398376.82563,0,1.0889328151268884,1.0986651755526646,,23.74874570751929,-0.0057521695957138,-0.0049632973203663,-0.0007888722753475,0.0044353760701172,1.1010425721202806,1.0893000000000002,1.0775574278797198,1057774.795,20.0,SELL
2026-07-08 09:30:00,1.0787,1.0822,1.0787,1.0815,782748.1,2026-07-08 09:44:59.999,845754.65542,5899,295727.5,319535.61724,0,1.0882249279719467,1.0979920314133444,,31.55243285337849,-0.0056432969109105,-0.0050992972384752,-0.0005439996724353,0.0043685634936802,1.100678145421096,1.0886749999999998,1.0766718545789036,1074105.455,20.0,SELL
2026-07-08 09:45:00,1.0815,1.0815,1.0786,1.0793,583099.6,2026-07-08 09:59:59.999,629656.40304,4248,258548.1,279161.68028,0,1.0873749348317612,1.0972590105736053,,29.03784627802007,-0.005669185298476,-0.0052132748504753,-0.0004559104480006,0.0042636661012745,1.1002347161362287,1.087905,1.075575283863771,1075895.63,20.0,SELL
2026-07-08 10:00:00,1.0794,1.0806,1.0765,1.0784,873005.2,2026-07-08 10:14:59.999,941076.83462,5828,282419.8,304412.39302,0,1.0865201791334982,1.0965194415315032,,28.052892389221228,-0.005696656994734,-0.0053099512793271,-0.0003867057154069,0.0042519756654692,1.0996677422457284,1.08709,1.0745122577542718,1102236.695,20.0,SELL
2026-07-08 10:15:00,1.0785,1.0818,1.0782,1.0817,442877.3,2026-07-08 10:29:59.999,478142.18786,4042,218427.5,235813.92327,0,1.0860611144541177,1.0959382869616403,,36.55117544163971,-0.0053900133722042,-0.0053259636979025,-6.404967430168312e-05,0.0042054059750785,1.0987358868679185,1.086445,1.074154113132081,1113413.76,20.0,SELL
2026-07-08 10:30:00,1.0816,1.0841,1.0809,1.0837,424827.9,2026-07-08 10:44:59.999,459966.55901,4337,205013.7,221956.56343,0,1.0858362464108682,1.0954583541396157,,41.092564490703886,-0.0049287967064366,-0.0052465302996093,0.0003177335931727,0.0041335912625729,1.0981592526606712,1.08605,1.0739407473393288,1113744.065,20.0,SELL
2026-07-08 10:45:00,1.0836,1.0839,1.0813,1.0836,531585.1,2026-07-08 10:59:59.999,575611.77438,3447,285249.1,308873.76424,0,1.0856232705622142,1.0949933206439442,,40.93479883176632,-0.004519253202414,-0.0051010748801703,0.0005818216777562,0.004024049029532,1.0975554445061952,1.08566,1.073764555493805,1090869.235,20.0,SELL
2026-07-08 11:00:00,1.0836,1.084,1.0813,1.0819,653941.6,2026-07-08 11:14:59.999,707887.33499,4834,369672.1,400149.50988,0,1.0852686733658128,1.0944798570892798,,38.24651740817135,-0.0042824968593491,-0.004937359276006,0.0006548624166569,0.0039294740988511,1.0970296216556517,1.085235,1.0734403783443482,1089950.615,20.0,SELL
2026-07-08 11:15:00,1.0819,1.0831,1.0803,1.0816,634387.0,2026-07-08 11:29:59.999,685987.35835,4534,353726.5,382468.66832,0,1.084919275902402,1.093974764654406,,37.77505808532715,-0.0040721322388925,-0.0047643138685833,0.0006921816296907,0.0038487973775046,1.096539500416327,1.08483,1.073120499583673,1079190.145,20.0,SELL
2026-07-08 11:30:00,1.0816,1.089,1.0806,1.0865,1020391.3,2026-07-08 11:44:59.999,1107255.4846,8100,560833.0,608492.9451,0,1.0850698210545542,1.0936816366287432,,48.862919111293294,-0.0034700273967809,-0.0045054565742228,0.0010354291774419,0.0041738832791114,1.0964421976069647,1.084775,1.0731078023930354,1071806.39,40.0,WAIT
2026-07-08 11:45:00,1.0864,1.0875,1.0842,1.0867,626228.3,2026-07-08 11:59:59.999,680157.41887,6658,377608.4,410102.03052,0,1.0852250761922155,1.0934078469570276,,49.26033885194099,-0.0029427939461603,-0.0041929240486103,0.00125013010245,0.0041114630448892,1.0958477672420317,1.08454,1.0732322327579684,1065035.49,40.0,WAIT
2026-07-08 12:00:00,1.0867,1.0887,1.0853,1.0872,669642.4,2026-07-08 12:14:59.999,728281.54116,6373,306252.6,333119.65509,0,1.085413164173909,1.0931644019783209,,50.300241004744336,-0.0024562971521284,-0.003845598669314,0.0013893015171855,0.0040606442559685,1.0952341376205343,1.08432,1.0734058623794656,1070170.13,40.0,WAIT
2026-07-08 12:15:00,1.0871,1.088,1.0857,1.0868,357106.5,2026-07-08 12:29:59.999,388127.56209,3287,162945.8,177095.60178,0,1.0855452437763942,1.092914817587014,,49.42749437491826,-0.0020790555368368,-0.0034922900428185,0.0014132345059817,0.0039348839519708,1.0939892363934662,1.083955,1.0739207636065338,1045158.825,40.0,WAIT
2026-07-08 12:30:00,1.0867,1.0869,1.0844,1.085,347837.9,2026-07-08 12:44:59.999,377573.83429,3816,171021.1,185607.01929,0,1.08549331579769,1.0926044325836015,,45.59377057303145,-0.0019033926697356,-0.0031745105682019,0.0012711178984663,0.0038323922411157,1.0923281385831027,1.083485,1.074641861416897,1022650.755,40.0,WAIT
2026-07-08 12:45:00,1.0849,1.085,1.082,1.082,634045.1,2026-07-08 12:59:59.999,686995.55116,3988,319945.9,346621.40706,0,1.085160619055053,1.092188572482284,,40.02209886358029,-0.0019833902220665,-0.0029362864989748,0.0009528962769083,0.0037729356524646,1.090307203176952,1.082885,1.075462796823048,1023041.105,20.0,SELL
2026-07-08 13:00:00,1.082,1.0833,1.0786,1.0825,1190948.3,2026-07-08 13:14:59.999,1287217.0487,5320,386535.7,417768.19749,0,1.0849072267640956,1.091808628463371,,41.30940533535896,-0.0019835775895957,-0.002745744717099,0.0007621671275032,0.0038391545344314,1.08793616952073,1.082335,1.07673383047927,1054355.3050000002,20.0,SELL
2026-07-08 13:15:00,1.0825,1.0827,1.0781,1.0795,700549.0,2026-07-08 13:29:59.999,756515.44863,5149,237751.0,256841.14805,0,1.0843922527865626,1.091325937151082,,36.27819683782988,-0.0022004357540179,-0.0026366829244828,0.0004362471704648,0.0038935006391148,1.0879647354435595,1.082295,1.0766252645564405,940507.415,20.0,SELL
2026-07-08 13:30:00,1.0795,1.0853,1.0795,1.0832,1197137.5,2026-07-08 13:44:59.999,1295831.49328,14214,644762.0,697796.73709,0,1.084278704902128,1.0910072729490787,,45.15093654570203,-0.002050105988206,-0.0025193675372274,0.0004692615490213,0.0040296791648923,1.08805238838183,1.082425,1.07679761161817,805253.0,40.0,WAIT
2026-07-08 13:45:00,1.0831,1.0877,1.0776,1.0814,5089663.6,2026-07-08 13:59:59.999,5506115.22114,15994,2477735.9,2679576.17865,0,1.0840045425304967,1.0906305171471542,,42.08111989126717,-0.002052552969542,-0.0024260046236904,0.0003734516541483,0.0044632735102572,1.088041356720006,1.082485,1.0769286432799938,959745.19,20.0,SELL
2026-07-08 14:00:00,1.0814,1.0835,1.0796,1.0815,1325985.6,2026-07-08 14:14:59.999,1434036.64674,10467,724378.6,783490.71765,0,1.0837660146704495,1.0902724576511875,,42.315766875237166,-0.0020231019951522,-0.0023454240979827,0.0003223221028305,0.0044230396880959,1.0879076748429954,1.082635,1.0773623251570046,962506.37,20.0,SELL
2026-07-08 14:15:00,1.0814,1.0848,1.0778,1.0804,939312.8,2026-07-08 14:29:59.999,1014821.04156,9168,366905.0,396573.37188,0,1.0834454418446924,1.0898853024491804,,40.37793415600044,-0.0020647218642753,-0.0022892836512412,0.0002245617869659,0.0046071082818034,1.0877869912176712,1.08272,1.0776530087823286,951266.005,20.0,SELL
2026-07-08 14:30:00,1.0804,1.0813,1.0765,1.0773,1196567.2,2026-07-08 14:44:59.999,1290765.86782,6542,840216.7,906392.53839,0,1.0828601616690074,1.0893917611766637,,35.45080584333682,-0.0023210938772433,-0.0022956456964416,-2.544818080163925e-05,0.0046208862616745,1.0880845493091331,1.08251,1.076935450690867,971956.9600000002,20.0,SELL
2026-07-08 14:45:00,1.0774,1.0799,1.0745,1.078,1419070.6,2026-07-08 14:59:59.999,1527851.5262,8532,775348.1,834961.79109,0,1.082397289129102,1.0889450254442454,,37.31101610990319,-0.0024396634728478,-0.0023244492517229,-0.0001152142211249,0.0046765372429835,1.0881952956445695,1.082445,1.0766947043554305,1013755.51,20.0,SELL
2026-07-08 15:00:00,1.0781,1.0785,1.0721,1.0723,1579020.1,2026-07-08 15:14:59.999,1696841.54879,7244,695014.1,746519.19129,0,1.0814356425453782,1.088292279348393,,29.78409838421291,-0.0029594583016225,-0.0024514510617028,-0.0005080072399197,0.0047996417256275,1.0892114637805728,1.08214,1.075068536219427,1049056.255,20.0,SELL
2026-07-08 15:15:00,1.0724,1.074,1.0694,1.0717,1173571.0,2026-07-08 15:29:59.999,1257173.81639,8024,541831.6,580330.44018,0,1.0805084384934374,1.087641601726887,,29.118203396678567,-0.0033808421896754,-0.0026373292872973,-0.0007435129023781,0.0047853816023684,1.0900522291932608,1.08164,1.073227770806739,1085590.94,20.0,SELL
2026-07-08 15:30:00,1.0716,1.0746,1.0708,1.0725,812610.3,2026-07-08 15:44:59.999,872088.64075,5750,337623.5,362314.22826,0,1.079745730065491,1.087047813423872,,31.322938478922524,-0.0036086404815725,-0.0028315915261524,-0.00077704895542,0.0047149972021993,1.090319610381393,1.08108,1.071840389618607,1104980.06,20.0,SELL
2026-07-08 15:45:00,1.0726,1.0744,1.0718,1.0736,812824.8,2026-07-08 15:59:59.999,872331.47607,4994,340759.6,365708.216,0,1.079160422440206,1.0865204481915631,,34.3468204856796,-0.0036582415309895,-0.0029969215271198,-0.0006613200038697,0.0045639259734707,1.0902903244024047,1.08058,1.070869675597595,1119042.045,20.0,SELL
2026-07-08 16:00:00,1.0736,1.0784,1.0732,1.0781,878124.7,2026-07-08 16:14:59.999,944774.5615,6248,484173.4,520742.32532,0,1.0790594298268532,1.0861902345369925,,45.013180711813234,-0.0032964390308918,-0.0030568250278742,-0.0002396140030175,0.0046093598325085,1.090138210092111,1.08039,1.0706417899078888,1130251.2,40.0,WAIT
2026-07-08 16:15:00,1.0782,1.08,1.0773,1.0789,578428.5,2026-07-08 16:29:59.999,623903.89905,4352,300914.2,324574.78856,0,1.0790442460338197,1.085904342986522,,46.67192169066123,-0.0029115916130841,-0.0030277783449162,0.000116186731832,0.0044729769873294,1.090007225387056,1.080255,1.070502774612944,1127453.275,40.0,WAIT
2026-07-08 16:30:00,1.0788,1.082,1.0765,1.0815,1334974.5,2026-07-08 16:44:59.999,1440481.08178,8262,672509.0,725695.32965,0,1.079278127363932,1.0857316236537171,,51.764681247811374,-0.0023694850422881,-0.0028961196843906,0.0005266346421024,0.0045463357739487,1.0893519727719694,1.080005,1.0706580272280308,1143182.435,40.0,WAIT
2026-07-08 16:45:00,1.0815,1.0844,1.0806,1.0843,1690894.6,2026-07-08 16:59:59.999,1829352.69919,4831,1155682.3,1250268.13216,0,1.0797564009483194,1.08567548154965,,56.57432772489209,-0.0016943931700998,-0.0026557743815324,0.0009613812114325,0.0044930260758095,1.0889422125954915,1.079885,1.0708277874045082,1196415.75,40.0,WAIT
2026-07-08 17:00:00,1.0843,1.087,1.0839,1.0851,802091.5,2026-07-08 17:14:59.999,870642.12001,4943,388238.9,421334.86634,0,1.0802653151437176,1.0856529136457422,,57.86699593076078,-0.0010823480489257,-0.0023410891150111,0.0012587410660854,0.0043935242132517,1.0885393607072624,1.07978,1.0710206392927375,1203038.2049999998,40.0,WAIT
2026-07-08 17:15:00,1.0852,1.0927,1.085,1.0922,1708799.3,2026-07-08 17:29:59.999,1862175.38873,7905,667716.3,727365.68928,0,1.0814019517966968,1.085909662130223,,67.19909579464505,-2.410930100937847e-05,-0.0018776931522107,0.0018535838512013,0.0046297010551623,1.089920663604841,1.08005,1.0701793363951588,1270622.845,20.0,SELL
2026-07-08 17:30:00,1.0922,1.0952,1.0898,1.0899,1842130.5,2026-07-08 17:44:59.999,2013076.63388,8701,519029.3,567226.47036,0,1.082211289720821,1.0860661459682537,,62.379063239413085,0.0006217940975121,-0.0013777957022661,0.0019995897997783,0.0046847224083649,1.090863533483882,1.080295,1.069726466516118,1345337.475,65.0,WAIT
2026-07-08 17:45:00,1.09,1.09,1.0844,1.0863,1228998.6,2026-07-08 17:59:59.999,1335920.27593,6343,383085.9,416343.81522,0,1.0826006906997905,1.086075316714597,,55.650601972001375,0.0008335783089177,-0.0009355209000294,0.0017690992089471,0.004750099379196,1.0913792042026975,1.08051,1.0696407957973022,1375085.15,65.0,WAIT
2026-07-08 18:00:00,1.0862,1.0903,1.0862,1.09,558603.9,2026-07-08 18:14:59.999,608191.44535,5837,272013.7,296151.86798,0,1.0833053868236198,1.086229225863044,,60.38067539944694,0.0012851633371253,-0.0004913840525984,0.0017765473897238,0.0047036637092534,1.0924952153296112,1.080885,1.0692747846703885,1343467.9300000002,65.0,WAIT
2026-07-08 18:15:00,1.0899,1.0909,1.0885,1.0891,426360.4,2026-07-08 18:29:59.999,464656.37586,4694,168617.4,183766.93475,0,1.0838572547451797,1.0863418052409637,,58.7395703287779,0.0015525286630757,-8.260150946360782e-05,0.0016351301725393,0.0045391163014496,1.093488906136223,1.081365,1.0692410938637769,1329758.5000000002,65.0,WAIT
2026-07-08 18:30:00,1.089,1.089,1.0832,1.0854,721058.0,2026-07-08 18:44:59.999,782544.32299,5914,412709.0,447865.34894,0,1.0840041828646862,1.0863048717021022,,52.430487688034944,0.001449153591805,0.0002237495107901,0.0012254040810149,0.0046363222799175,1.0937029802093372,1.081475,1.0692470197906627,1305954.525,65.0,WAIT
2026-07-08 18:45:00,1.0854,1.0904,1.0849,1.0879,452790.0,2026-07-08 18:59:59.999,492268.48773,4651,229573.7,249563.59934,0,1.0843752130680495,1.0863674257530005,,55.87879367927592,0.001551077355433,0.0004892150797187,0.0010618622757143,0.0046980135456377,1.0943441619887475,1.0818,1.069255838011252,1074110.8450000002,65.0,WAIT
2026-07-08 19:00:00,1.0879,1.089,1.0849,1.0858,677206.1,2026-07-08 19:14:59.999,735721.02851,4839,339453.3,368727.3896,0,1.0845109070615686,1.0863451737626866,,52.4400176083989,0.0014457346932561,0.0006805190024261,0.0007652156908299,0.0046552982923778,1.0946780604515634,1.082015,1.0693519395484363,1041671.87,65.0,WAIT
2026-07-08 19:15:00,1.0859,1.0894,1.0853,1.0888,193758.1,2026-07-08 19:29:59.999,210764.61358,3478,99428.3,108129.12582,0,1.084919392103324,1.0864414414582677,,56.553401975634245,0.0015860418987501,0.0008616235816909,0.0007244183170591,0.0046156341286366,1.095409324645235,1.082435,1.069460675354765,1004394.135,65.0,WAIT
2026-07-08 19:30:00,1.0889,1.0906,1.0887,1.0897,404822.1,2026-07-08 19:44:59.999,441190.14315,3985,177483.1,193395.44563,0,1.0853746880934836,1.0865692280677477,,57.73440373963285,0.0017496895167439,0.0010392367687015,0.0007104527480423,0.0044216602623054,1.0961728466220624,1.083055,1.0699371533779374,964806.88,65.0,WAIT
2026-07-08 19:45:00,1.0897,1.096,1.0879,1.0912,1541233.9,2026-07-08 19:59:59.999,1681686.24471,9455,759725.0,828730.20071,0,1.085929479703628,1.0867508269670516,,59.70059964564507,0.0019776221004514,0.0012269138350515,0.0007507082653999,0.0046843988149978,1.0970751309873803,1.083715,1.0703548690126194,970915.0450000002,65.0,WAIT
2026-07-08 20:00:00,1.0913,1.0929,1.0888,1.0892,658118.9,2026-07-08 20:14:59.999,717652.0885,4533,319521.3,348398.86609,0,1.0862409578270915,1.0868468729683438,,55.96242382897358,0.0019741205965133,0.0013763551873439,0.0005977654091694,0.004642656042498,1.0970337163668242,1.0845600000000002,1.0720862836331762,924869.985,65.0,WAIT
2026-07-08 20:15:00,1.0892,1.0906,1.0878,1.0902,436428.3,2026-07-08 20:29:59.999,475502.50563,3276,137430.9,149715.84758,0,1.0866180094626068,1.086978368146056,,57.39876595401627,0.0020286522319292,0.0015068145962609,0.0005218376356682,0.0045110377537481,1.0966857633668416,1.085485,1.0742842366331584,888012.85,65.0,WAIT
2026-07-08 20:30:00,1.0903,1.0905,1.0876,1.0896,651589.6,2026-07-08 20:44:59.999,709544.4932,3138,291330.9,317239.41691,0,1.086902008561406,1.0870811772383675,,56.21404716086069,0.0020003946558939,0.0016055306081875,0.0003948640477063,0.0043959636284804,1.0959419581336305,1.08634,1.07673804186637,879961.8150000001,65.0,WAIT
2026-07-08 20:45:00,1.0896,1.0907,1.0881,1.089,334514.7,2026-07-08 20:59:59.999,364426.29778,2595,150775.3,164262.31691,0,1.0871018172698437,1.087156425189804,,54.99170004641595,0.0019075957612122,0.0016659436387925,0.0002416521224197,0.0042676805121604,1.094776785506325,1.08711,1.079443214493675,856046.3099999999,65.0,WAIT
2026-07-08 21:00:00,1.0889,1.0891,1.0842,1.0851,522463.9,2026-07-08 21:14:59.999,567902.47329,3233,305977.8,332569.9774,0,1.086911168006049,1.0870757810647138,,47.72708438877115,0.0015020399803509,0.0016331629071041,-0.0001311229267532,0.0043128461898632,1.0940068771181382,1.08746,1.080913122881862,838263.27,65.0,WAIT
2026-07-08 21:15:00,1.0851,1.0875,1.0843,1.087,350199.2,2026-07-08 21:29:59.999,380315.2566,2506,181466.8,197071.24496,0,1.0869196281959492,1.0870728092582544,,51.11523498592529,0.0013187465340311,0.0015702796324895,-0.0002515330984584,0.0042333571763015,1.0931179134773006,1.087865,1.0826120865226996,826851.805,65.0,WAIT
2026-07-08 21:30:00,1.087,1.0898,1.087,1.089,377521.8,2026-07-08 21:44:59.999,411052.66087,3171,225432.4,245454.79817,0,1.087117758843954,1.087148385365774,,54.46125200626069,0.0013196562665835,0.0015201549593083,-0.0002004986927248,0.0041309745208514,1.09262013698416,1.08824,1.0838598630158398,778979.17,65.0,WAIT
2026-07-08 21:45:00,1.0891,1.0915,1.0891,1.0909,268239.4,2026-07-08 21:59:59.999,292569.9585,2845,184259.2,200979.23728,0,1.087477972287387,1.0872955075082926,,57.44147954738165,0.0014568971537218,0.001507503398191,-5.060624446921085e-05,0.0040144763407906,1.0927004237070803,1.08857,1.0844395762929198,707846.4099999999,100.0,BUY
2026-07-08 22:00:00,1.091,1.0928,1.0898,1.0898,389072.1,2026-07-08 22:14:59.999,424543.26317,4343,221671.4,241870.39616,0,1.0876991177838264,1.0873937229001245,,55.18957910061216,0.0014600699609816,0.0014980167107492,-3.794674976752071e-05,0.0039420137450198,1.0926434762601862,1.088805,1.0849665237398138,687195.44,100.0,BUY
2026-07-08 22:15:00,1.0899,1.0918,1.0896,1.0915,116619.2,2026-07-08 22:29:59.999,127208.4479,2636,75208.3,82027.95468,0,1.0880611065663193,1.0875547533746293,,57.93426689488346,0.0015815293403338,0.0015147192366661,6.681010366770424e-05,0.0038175841918041,1.0924951040253947,1.08877,1.0850448959746053,607586.435,100.0,BUY
2026-07-08 22:30:00,1.0915,1.0923,1.0909,1.0915,126558.9,2026-07-08 22:44:59.999,138142.13591,1861,79204.0,86449.55435,0,1.08838862022667,1.0877094689285656,,57.93426689488346,0.0016586666963465,0.0015435087286022,0.0001151579677442,0.0036448996066753,1.0927340700302663,1.08885,1.0849659299697338,521807.8550000001,100.0,BUY
2026-07-08 22:45:00,1.0915,1.0931,1.0912,1.0929,180132.8,2026-07-08 22:59:59.999,196754.03593,1300,78480.6,85723.94979,0,1.0888182754431777,1.087913019166661,,60.25914210617035,0.0018118806738909,0.0015971831176599,0.0002146975562309,0.0035202639204842,1.0932580387443005,1.08918,1.0851019612556996,469364.565,100.0,BUY
2026-07-08 23:00:00,1.0929,1.0929,1.0903,1.0904,526770.4,2026-07-08 23:14:59.999,574780.20608,2440,284703.6,310620.11542,0,1.0889689158771607,1.088010547826792,,54.4698673811516,0.0017118417027488,0.0016201148346777,9.172686807111508e-05,0.0034545307833067,1.0932978042901065,1.0892,1.0851021957098934,467772.89,100.0,BUY
2026-07-08 23:15:00,1.0904,1.0906,1.0877,1.0891,449657.8,2026-07-08 23:29:59.999,489501.33347,2509,224397.7,244272.31798,0,1.088981400079336,1.0880532714414275,,51.68895689514554,0.0015102517201988,0.0015981422117819,-8.789049158314287e-05,0.003414921441642,1.0932978042901067,1.0892000000000002,1.0851021957098936,468937.76000000007,100.0,BUY
2026-07-08 23:30:00,1.0891,1.0898,1.0878,1.0896,225026.0,2026-07-08 23:44:59.999,244952.47792,2311,147614.8,160689.47304,0,1.0890403143574945,1.0881139274633325,,52.68941824523829,0.0013749860447511,0.0015535109783757,-0.0001785249336246,0.0033138556243818,1.093119393481422,1.08941,1.085700606518578,444136.16,100.0,BUY
2026-07-08 23:45:00,1.0896,1.0912,1.0886,1.0908,162735.3,2026-07-08 23:59:59.999,177420.93885,2346,83675.3,91226.86223,0,1.0892079034663045,1.0882192636412409,,55.09302611137729,0.0013490658027939,0.0015126219432594,-0.0001635561404654,0.003262865936926,1.0932436176272444,1.089555,1.0858663823727557,429633.425,100.0,BUY
2026-07-09 00:00:00,1.0907,1.0917,1.0892,1.0906,286364.7,2026-07-09 00:14:59.999,312324.95204,4439,93771.2,102251.47681,0,1.089340484088561,1.0883126258513884,,54.59518233535273,0.0012974295357015,0.0014695834617478,-0.0001721539260462,0.0032083755128598,1.0930773619544498,1.089795,1.0865126380455503,410091.355,100.0,BUY
2026-07-09 00:15:00,1.0906,1.091,1.0881,1.0893,325981.4,2026-07-09 00:29:59.999,355119.22245,2877,136220.7,148404.85415,0,1.089336628461079,1.088351346406236,,51.34721686738998,0.0011384845454076,0.0014033636784798,-0.0002648791330721,0.0031863486905127,1.0930792023564089,1.08982,1.0865607976435914,416702.52,100.0,BUY
2026-07-09 00:30:00,1.0894,1.0911,1.0878,1.089,280251.9,2026-07-09 00:44:59.999,305312.79694,3759,152988.0,166674.79426,0,1.089304568607643,1.08837678380207,,50.599111859121685,0.0009770491878222,0.0013181007803483,-0.000341051592526,0.0031944666411903,1.093063582010568,1.089785,1.086506417989432,410474.01,100.0,BUY
2026-07-09 00:45:00,1.089,1.0902,1.087,1.0881,201474.2,2026-07-09 00:59:59.999,219299.44941,2577,64068.6,69726.89313,0,1.0891898477878674,1.088365929535322,,48.32444166779664,0.0007676391590833,0.0012080084560953,-0.0004403692970119,0.0031948618811053,1.092919437641911,1.08963,1.0863405623580895,343486.025,100.0,BUY
2026-07-09 01:00:00,1.0881,1.0988,1.0878,1.0937,1126496.5,2026-07-09 01:14:59.999,1233677.0542,9192,540709.1,591960.07799,0,1.0896193860937848,1.088575108769231,,60.28730420580037,0.0010415470948681,0.0011747161838498,-0.0001331690889817,0.0037523717467406,1.093582452212976,1.089855,1.086127547787024,366904.905,100.0,BUY
2026-07-09 01:15:00,1.0937,1.0954,1.0907,1.092,461393.0,2026-07-09 01:29:59.999,504228.44522,5490,311669.8,340622.42401,0,1.08984611122771,1.0887094182292611,,56.04563036665659,0.0011086653112823,0.0011615060093363,-5.284069805399066e-05,0.0038200594791163,1.0937866012286572,1.089945,1.0861033987713429,368153.14,100.0,BUY
2026-07-09 01:30:00,1.0921,1.0926,1.0855,1.0865,546474.7,2026-07-09 01:44:59.999,595074.83314,6914,331989.3,361441.88493,0,1.0895274339679282,1.0886227743771333,,45.01159727304758,0.000709870007205,0.0010711788089101,-0.000361308801705,0.0040543409448937,1.0939145120923597,1.08979,1.0856654879076406,362897.395,100.0,BUY
2026-07-09 01:45:00,1.0866,1.0873,1.0828,1.0834,1011393.6,2026-07-09 01:59:59.999,1096911.81384,6732,614008.1,666038.68515,0,1.0889438688281254,1.0884179596956771,,40.20679354744984,0.000142040409911,0.0008853511291103,-0.0007433107191992,0.0040861737345442,1.0944838918363808,1.08951,1.0845361081636191,396741.34,80.0,BUY
2026-07-09 02:00:00,1.0835,1.0903,1.0826,1.0902,776286.4,2026-07-09 02:14:59.999,842835.96883,6476,352993.7,383357.57482,0,1.089063500368304,1.08848784362918,,52.248103905271215,0.0002379911196106,0.0007558791272103,-0.0005178880075997,0.0043443041820767,1.094313087510154,1.089765,1.085216912489846,409432.465,100.0,BUY
2026-07-09 02:15:00,1.0901,1.0902,1.088,1.0893,322175.8,2026-07-09 02:29:59.999,350923.21572,4260,181106.3,197273.65492,0,1.0890860241427514,1.088519692898624,,50.79022868189498,0.0002386591557614,0.0006524351329205,-0.0004137759771591,0.0041911395976427,1.0942556599502269,1.08988,1.085504340049773,408031.295,100.0,BUY
2026-07-09 02:30:00,1.0892,1.0896,1.0847,1.0855,388328.8,2026-07-09 02:44:59.999,422123.08979,4376,183518.1,199508.14658,0,1.0887444980339178,1.0884012735692663,,45.0717557768306,-6.66711196846137e-05,0.0005086138823995,-0.0005752850020841,0.0042417724835253,1.0944700708284367,1.089705,1.0849399291715631,408571.645,75.0,WAIT
2026-07-09 02:45:00,1.0855,1.086,1.0836,1.0845,393542.0,2026-07-09 02:59:59.999,426842.76442,3540,216592.0,234964.44912,0,1.0883402601259256,1.088248282448903,,43.67807137362246,-0.000384902291391,0.0003299106476414,-0.0007148129390325,0.0041102173061307,1.0946222798283094,1.089385,1.0841477201716907,414836.775,54.99999999999999,WAIT
2026-07-09 03:00:00,1.0845,1.0858,1.084,1.0854,364258.1,2026-07-09 03:14:59.999,395085.8149,4444,231736.6,251329.53887,0,1.088060235352028,1.0881365850979656,,45.316924700054486,-0.0005580474852762,0.0001523190210578,-0.0007103665063341,0.0039452017842642,1.0946765424338394,1.089165,1.0836534575661605,413596.075,40.0,WAIT
2026-07-09 03:15:00,1.0854,1.0876,1.0829,1.0864,403386.8,2026-07-09 03:29:59.999,437800.01871,4524,139016.8,150849.15794,0,1.087902117699454,1.0880684837215748,,47.15682236523456,-0.0006075709564368,3.4102555895253975e-07,-0.0006079119819957,0.003999115942531,1.0944377120040762,1.0889099999999998,1.0833822879959234,427934.455,40.0,WAIT
2026-07-09 03:30:00,1.0865,1.0896,1.0861,1.0883,258863.7,2026-07-09 03:44:59.999,281620.23621,3937,121637.3,132346.49804,0,1.0879400112518869,1.088077562791317,,50.56053424917045,-0.0004878805596943,-9.730329149171758e-05,-0.0003905772682026,0.0039634648037788,1.094152406871017,1.08875,1.083347593128983,434549.695,40.0,WAIT
2026-07-09 03:45:00,1.0883,1.0888,1.0874,1.0876,347591.3,2026-07-09 03:59:59.999,378230.12906,2353,128864.1,140206.66443,0,1.0879076292278975,1.0880588348387163,,49.30060760594965,-0.0004443865957544,-0.0001667199523442,-0.0002776666434101,0.0037803601749374,1.093556991719237,1.088485,1.083413008280763,442922.62,40.0,WAIT
2026-07-09 04:00:00,1.0877,1.0886,1.0867,1.0868,325504.7,2026-07-09 04:14:59.999,354043.15084,3303,179262.0,194988.85492,0,1.0878021407300027,1.08800946876661,,47.83356415160883,-0.000469063557388,-0.000227188673353,-0.000241874884035,0.0036460487338705,1.0933478067581464,1.088305,1.0832621932418538,432859.335,40.0,WAIT
2026-07-09 04:15:00,1.0867,1.0875,1.0848,1.0868,549389.9,2026-07-09 04:29:59.999,596514.83362,2947,168401.5,182878.37684,0,1.087706698755717,1.0879620386189,,47.83356415160883,-0.0004830519055925,-0.0002783613198009,-0.0002046905857915,0.0035784738243083,1.0932598717932511,1.0881899999999998,1.0831201282067484,437845.94000000006,40.0,WAIT
2026-07-09 04:30:00,1.0868,1.0931,1.0867,1.0923,660096.7,2026-07-09 04:44:59.999,719775.34339,4969,310117.5,338276.26698,0,1.088144156017077,1.0881321547514922,,57.83728090265944,-4.976013389401679e-05,-0.0002326410826195,0.0001828809487255,0.0037800114082863,1.0936739718638264,1.088325,1.0829760281361736,459599.475,75.0,WAIT
2026-07-09 04:45:00,1.0923,1.0947,1.091,1.0943,498779.4,2026-07-09 04:59:59.999,545086.39015,4687,253056.7,276582.51428,0,1.0887304268725937,1.0883740310357477,,60.78240227826988,0.0004498247030082,-9.614792549397864e-05,0.0005459726285022,0.0037742963076944,1.0943654923067043,1.0885,1.0826345076932955,476401.68,100.0,BUY
2026-07-09 05:00:00,1.0942,1.0978,1.0924,1.095,818543.5,2026-07-09 05:14:59.999,896206.23421,5867,402950.2,441176.79331,0,1.0893275290752036,1.0886338729559144,,61.7884576453478,0.0008919515729115,0.0001014719741871,0.0007904795987244,0.0038904180000019,1.0951836212760346,1.08872,1.0822563787239652,503010.62,100.0,BUY
2026-07-09 05:15:00,1.0951,1.0956,1.0913,1.0932,469328.0,2026-07-09 05:29:59.999,513346.21491,4438,147228.9,161034.42398,0,1.089696335829946,1.0888129367615649,,57.69017506418205,0.0010845928348253,0.0002980961463147,0.0007864966885105,0.0039196738571446,1.0956657851395233,1.088915,1.0821642148604764,510177.95,100.0,BUY
2026-07-09 05:30:00,1.0932,1.0967,1.0914,1.0966,517963.8,2026-07-09 05:44:59.999,567205.63432,4049,217287.1,237979.96202,0,1.0903538276556657,1.0891183117905232,,62.720088527306345,0.0014943876373523,0.0005373544445222,0.00095703319283,0.0040182685816343,1.0968319688867618,1.089295,1.0817580311132384,522063.5449999999,100.0,BUY
2026-07-09 05:45:00,1.0966,1.1002,1.0964,1.0992,749284.0,2026-07-09 05:59:59.999,823141.68558,4936,287191.9,315487.47504,0,1.0911963202598878,1.0895136721124634,,66.04445647148154,0.0020058292901885,0.0008310494136555,0.001174779876533,0.0040026779686604,1.098505056325641,1.08985,1.0811949436743589,549454.0349999999,80.0,BUY
2026-07-09 06:00:00,1.0993,1.1006,1.0966,1.0974,470023.3,2026-07-09 06:14:59.999,516436.694,5759,182763.3,200881.19814,0,1.0917871469018032,1.089822939872759,,61.927274871693136,0.0022400832428073,0.0011128561794858,0.0011272270633214,0.0040024866851847,1.0991569022139036,1.090035,1.080913097786096,516630.375,100.0,BUY
2026-07-09 06:15:00,1.0974,1.1027,1.0969,1.1013,760343.6,2026-07-09 06:29:59.999,836913.96819,4765,397868.7,437993.22211,0,1.092693132911155,1.0902730206620628,,66.76203434283855,0.0027091986388159,0.0014321246713518,0.001277073967464,0.0041308804933858,1.100841760004952,1.0905,1.080158239995048,531577.905,80.0,BUY
2026-07-09 06:30:00,1.1013,1.1013,1.0991,1.1006,553902.2,2026-07-09 06:44:59.999,609169.67584,4046,288072.4,316803.20444,0,1.0934461678719978,1.090678000243943,,65.16256041094931,0.0029900246768417,0.0017437046724498,0.0012463200043918,0.0039929604581439,1.1022578684059854,1.091205,1.0801521315940146,531949.28,80.0,BUY
2026-07-09 06:45:00,1.1006,1.1014,1.0995,1.1002,394850.8,2026-07-09 06:59:59.999,434449.49152,2802,198934.0,218889.1824,0,1.0940893899794266,1.0910514119990822,,64.21580849207535,0.0031440618898037,0.0020237761159206,0.0011202857738831,0.0038434632825622,1.103150939852171,1.0920450000000002,1.0809390601478293,501122.14,100.0,BUY
2026-07-09 07:00:00,1.1002,1.1029,1.0968,1.0976,754307.4,2026-07-09 07:14:59.999,829291.46202,6785,313541.2,344834.47852,0,1.0944237337909095,1.0913082193716672,,58.28773879359309,0.0030215091433805,0.0022233227214126,0.0007981864219678,0.0040046444766649,1.103741301249748,1.092415,1.0810886987502522,500023.19000000006,100.0,BUY
2026-07-09 07:15:00,1.0977,1.0991,1.0955,1.0966,490112.6,2026-07-09 07:29:59.999,537638.4388,4282,258879.2,283993.91827,0,1.0946309972393946,1.0915157401806217,,56.14107797688467,0.0028112868019563,0.0023409155375213,0.0004703712644349,0.0039757412997603,1.1041516489569472,1.09278,1.0814083510430526,508420.03,100.0,BUY
2026-07-09 07:30:00,1.0965,1.0981,1.0951,1.0976,302801.1,2026-07-09 07:44:59.999,331925.14337,3890,156469.8,171509.73182,0,1.0949137594070713,1.091754338604911,,57.81423549335878,0.0026943173116442,0.0024115958923459,0.0002827214192983,0.0039060454926345,1.1044257019704389,1.093385,1.0823442980295614,504143.6449999999,100.0,BUY
2026-07-09 07:45:00,1.0977,1.1022,1.0968,1.0982,732496.0,2026-07-09 07:59:59.999,804843.22569,8187,395409.2,434463.41918,0,1.0952267347016358,1.0920071096400124,,58.82909340024501,0.0026198333256546,0.0024532433790076,0.0001665899466469,0.0040127565288749,1.1045040021084938,1.09407,1.083635997891506,521091.3449999999,100.0,BUY
2026-07-09 08:00:00,1.0981,1.0985,1.0961,1.097,394485.8,2026-07-09 08:14:59.999,432842.14236,3969,91708.6,100631.70739,0,1.0953956171110035,1.0922029092619727,,55.93103678996635,0.0024358947802136,0.0024497736592488,-1.387887903520806e-05,0.0038975596339553,1.104355977539643,1.09465,1.0849440224603568,522602.73,100.0,BUY
2026-07-09 08:15:00,1.0971,1.0988,1.0965,1.0987,311871.0,2026-07-09 08:29:59.999,342351.67977,2952,103320.8,113445.03821,0,1.0957103202432892,1.0924576971340525,,59.01158620485885,0.0023996364351506,0.0024397462144292,-4.010977927860256e-05,0.0037834482315299,1.1043403016478823,1.095265,1.086189698352117,518026.94000000006,100.0,BUY
2026-07-09 08:30:00,1.0988,1.0993,1.0969,1.0979,353591.6,2026-07-09 08:44:59.999,388259.48761,2826,172998.2,189967.87201,0,1.0959188611724997,1.0926711207758544,,56.99257210066998,0.0022800649518657,0.0024078099619165,-0.0001277450100507,0.0036846305007063,1.1042963683115667,1.095745,1.0871936316884332,522763.335,100.0,BUY
2026-07-09 08:45:00,1.0979,1.0982,1.095,1.0954,561491.6,2026-07-09 08:59:59.999,615756.64159,3695,175153.8,192093.27458,0,1.0958694458227378,1.0927781356473896,,51.10786917061426,0.0019609697447124,0.0023184419184757,-0.0003574721737632,0.0036500140363702,1.103833902519195,1.096135,1.0884360974808047,533458.35,100.0,BUY
2026-07-09 09:00:00,1.0955,1.0956,1.093,1.0937,268864.1,2026-07-09 09:14:59.999,294121.98437,2421,72916.9,79763.10688,0,1.095662831934858,1.0928142871906292,,47.5150829660156,0.0015530066081141,0.0021653548564034,-0.0006123482482892,0.0035750130337723,1.1030033733604685,1.09648,1.0899566266395313,530626.32,100.0,BUY
2026-07-09 09:15:00,1.0937,1.0949,1.0931,1.0941,239603.0,2026-07-09 09:29:59.999,262125.27559,2319,72892.8,79744.3719,0,1.095513990798205,1.0928647073008009,,48.433639381668,0.0012475881209434,0.0019818015093114,-0.0007342133883679,0.0034482263885028,1.101786042400149,1.0968449999999998,1.0919039575998506,515136.9749999999,100.0,BUY
2026-07-09 09:30:00,1.0942,1.0949,1.0916,1.0921,439167.5,2026-07-09 09:44:59.999,480351.63239,3991,167348.7,183064.94803,0,1.0951888488174235,1.092834718779201,,44.262436408825614,0.0008345384444314,0.0017523488963354,-0.0009178104519039,0.0034376387893241,1.1018134636184342,1.096835,1.0918565363815658,504090.515,80.0,BUY
2026-07-09 09:45:00,1.092,1.0944,1.0917,1.0944,287354.8,2026-07-09 09:59:59.999,314275.91193,1957,111693.7,122148.41537,0,1.0951137203586212,1.092896102356487,,49.634374233012,0.0006848893993645,0.0015388569969412,-0.0008539675975767,0.0033849503043724,1.1018084605261662,1.0968399999999998,1.0918715394738334,493519.285,100.0,BUY
2026-07-09 10:00:00,1.0944,1.0967,1.094,1.0956,369144.8,2026-07-09 10:14:59.999,404328.18163,3475,186619.8,204426.1773,0,1.0951600327054192,1.0930021375581935,,52.22170378305106,0.0006555644848604,0.0013621984945251,-0.0007066340096646,0.0033360252826315,1.1018007605904236,1.09687,1.0919392394095764,471049.35,100.0,BUY
2026-07-09 10:15:00,1.0957,1.0962,1.0925,1.0936,407333.8,2026-07-09 10:29:59.999,445782.85337,2716,147205.5,161048.07847,0,1.0950114581620458,1.0930255831441469,,47.81312991916917,0.0004655741446095,0.0011828736245419,-0.0007172994799324,0.0033620234767292,1.1017639716864254,1.09689,1.092016028313575,467949.64,100.0,BUY
2026-07-09 10:30:00,1.0936,1.0948,1.0927,1.0942,415091.3,2026-07-09 10:44:59.999,454007.73814,2485,106097.5,116038.645,0,1.0949341764323273,1.0930716387071218,,49.198697986943216,0.0003592788735342,0.0010181546743404,-0.0006588758008061,0.0032718789426771,1.1017828235556493,1.0967699999999998,1.0917571764443503,462806.015,100.0,BUY
2026-07-09 10:45:00,1.0942,1.0942,1.0902,1.0921,590947.8,2026-07-09 10:59:59.999,645112.52864,4305,242690.1,264844.17249,0,1.0946642548673438,1.093033535228411,,44.72309838606107,0.0001043833890903,0.0008354004172904,-0.0007310170282,0.0033238875896288,1.10168805414348,1.096415,1.09114194585652,454889.205,80.0,BUY
2026-07-09 11:00:00,1.0922,1.0928,1.0908,1.0922,540470.4,2026-07-09 11:14:59.999,590088.17768,3798,281183.4,306980.89356,0,1.0944295639275967,1.0930008475723951,,44.97977445060479,-8.853339660319648e-05,0.0006506136545117,-0.0007391470511149,0.0032293241903696,1.1017132281349429,1.096155,1.090596771865057,458411.56,54.99999999999999,WAIT
2026-07-09 11:15:00,1.0921,1.0922,1.0905,1.0914,364473.0,2026-07-09 11:29:59.999,397737.58065,3351,154607.7,168708.61514,0,1.0941410340297304,1.0929380692362227,,43.249567244004986,-0.0003024877626414,0.000459993371081,-0.0007624811337224,0.0031200867482003,1.101058296027458,1.09566,1.0902617039725422,438618.03,54.99999999999999,WAIT
2026-07-09 11:30:00,1.0913,1.0927,1.091,1.0921,370228.9,2026-07-09 11:44:59.999,404199.59482,3604,158649.4,173227.04399,0,1.0939466498364228,1.0929052037759786,,45.2346536629819,-0.0004108282173702,0.0002858290533908,-0.000696657270761,0.0030186519804717,1.1003411825271006,1.0952350000000002,1.0901288174728998,429434.3650000001,75.0,WAIT
2026-07-09 11:45:00,1.092,1.0941,1.0915,1.0936,719530.1,2026-07-09 11:59:59.999,786163.42888,5601,385291.2,420978.97647,0,1.0939136355662873,1.0929324506867246,,49.32519014820795,-0.000371370417316,0.0001543891592494,-0.0005257595765654,0.0029887482675809,1.099513893576561,1.094905,1.090296106423439,445668.33,75.0,WAIT
2026-07-09 12:00:00,1.0935,1.0954,1.0916,1.0934,565778.2,2026-07-09 12:14:59.999,618594.53865,3783,338045.7,369557.58158,0,1.0938647178933076,1.0929507859539118,,48.80179028301883,-0.0003521784609508,5.307563520938898e-05,-0.0004052540961602,0.0030466948198965,1.0991744977397095,1.094695,1.0902155022602904,436241.87,75.0,WAIT
2026-07-09 12:15:00,1.0933,1.0952,1.0925,1.0945,1671848.9,2026-07-09 12:29:59.999,1829276.39544,9279,935515.7,1023577.51613,0,1.093925220951088,1.0930115394459152,,51.829363115667256,-0.0002453793103973,-6.615353911961712e-06,-0.0002387639564854,0.0030219309041896,1.0989835862345083,1.09459,1.0901964137654914,495328.685,75.0,WAIT
2026-07-09 12:30:00,1.0946,1.0971,1.0939,1.0961,1479495.8,2026-07-09 12:44:59.999,1620080.83203,8541,527718.9,577842.23354,0,1.09413234276527,1.0931326555460754,1.0982072103535538,55.9131311102889,-3.1273089190264614e-05,-1.1546900967622292e-05,-1.972618822264232e-05,0.0030346501253189,1.0987488044357363,1.094515,1.0902811955642633,554163.42,75.0,WAIT
